,City,Latitude,Longitude,Temperature,Humidity,Cloudiness %,Wind Speed (mph)
0,rubtsovsk,51.5,81.25,48.55999999999998,51,100,2.99
1,pangkalanbuun,-2.6833,111.6167,80.20399999999995,84,95,1.37
2,leningradskiy,69.3833,178.4167,19.435999999999964,92,100,10.7
3,new norfolk,-42.7826,147.0587,62.81600000000001,55,75,5.14
4,kichera,55.9375,110.0997,38.87599999999999,62,100,0.72
5,hornostayivka,47.0078,33.729,52.80800000000001,84,100,4.58
6,camacupa,-12.0167,17.4833,62.07799999999996,95,99,1.37
7,castro,-24.7911,-50.0119,51.87200000000004,94,84,2.94
8,najran,17.4924,44.1277,77.26999999999995,29,75,1.03
9,mikkeli,61.6886,27.2723,28.27400000000001,72,24,0.45
10,puerto ayora,-0.7393,-90.3518,74.94800000000004,81,1,3.51
11,kaabong,3.4836,34.1492,63.42799999999997,87,22,2.26
12,katsuura,35.1333,140.3,67.73000000000005,72,40,3.09
13,chuy,-33.6971,-53.4616,60.116000000000014,93,100,3.53
14,srednekolymsk,67.45,153.6833,27.64399999999997,77,5,5.28
15,bumba,2.1833,22.4667,69.458,94,100,0.55
16,longyearbyen,78.2186,15.6401,12.46999999999996,62,20,8.75
17,qaanaaq,77.484,-69.3632,30.2,60,100,3.22
18,mareeba,-17.0,145.4333,79.79000000000002,65,40,5.66
19,mataura,-46.1927,168.8643,54.266000000000005,74,48,2.24
20,alekseyevsk,57.8406,108.3492,35.94199999999999,97,100,3.19
21,ushuaia,-54.8,-68.3,37.66999999999996,93,75,2.57
22,hualmay,-11.0964,-77.6139,66.79399999999998,89,7,3.3
23,rikitea,-23.1203,-134.9692,79.26799999999999,78,94,8.83
24,avarua,-21.2078,-159.775,82.66999999999996,69,75,3.09
25,burgeo,47.6167,-57.6152,39.21799999999998,93,100,15.18
26,atuona,-9.8,-139.0333,79.68200000000002,68,0,1.55
27,bluff,-46.6,168.3333,54.266000000000005,74,85,2.24
28,tasiilaq,65.6145,-37.6368,26.86999999999996,86,25,1.54
29,sao gabriel da cachoeira,-0.1303,-67.0892,72.80600000000004,97,100,1.03
30,ahuimanu,21.4447,-157.8378,78.63800000000005,73,90,5.14
31,sisimiut,66.9395,-53.6735,34.214000000000034,84,100,0.82
32,port alfred,-33.5906,26.891,59.19800000000002,84,1,5.9
33,cape town,-33.9258,18.4232,57.01999999999996,82,0,4.12
34,yellowknife,62.456,-114.3525,33.908,86,90,3.09
35,arlit,18.7369,7.3853,85.76600000000002,6,0,3.24
36,san quintin,30.4833,-115.95,70.08800000000005,59,0,5.88
37,bathsheba,13.2167,-59.5167,79.06999999999996,65,40,5.66
38,cherskiy,68.75,161.3,18.122000000000035,83,87,0.93
39,gucheng,35.9115,111.3192,67.316,21,0,1.39
40,norman wells,65.282,-126.8329,48.469999999999956,31,20,5.66
41,geraldton,-28.7667,114.6,62.86999999999996,39,95,6.17
42,hermanus,-34.4187,19.2345,53.27599999999999,81,0,0.45
43,busselton,-33.65,115.3333,55.09399999999997,95,100,0.89
44,hilo,19.7297,-155.09,78.24199999999999,51,1,5.66
45,barrow,71.2906,-156.7887,21.469999999999956,79,90,2.06
46,punta arenas,-53.15,-70.9167,42.65600000000003,100,90,2.57
47,bacolod,10.6667,122.95,86.46799999999999,66,70,2.98
48,dikson,73.5069,80.5464,16.66400000000003,96,99,3.4
49,esperance,-33.8667,121.9,55.66999999999996,94,90,3.09
50,puerto escondido,15.85,-97.0667,82.66999999999996,74,40,3.69
51,ginda,30.6945,78.4932,59.432000000000016,38,36,3.33
52,nouadhibou,20.931,-17.0347,65.984,91,0,8.6
53,butaritari,3.0707,172.7902,83.69600000000005,73,96,5.5
54,gao,16.6362,1.637,86.52200000000005,12,3,1.47
55,jamestown,42.097,-79.2353,40.64000000000002,56,90,6.69
56,griffith,41.5284,-87.4237,44.47400000000001,57,1,3.09
57,port macquarie,-31.4333,152.9167,72.80600000000004,66,53,1.55
58,mahebourg,-20.4081,57.7,77.26999999999995,78,75,6.17
59,teocaltiche,21.4333,-102.5833,82.66999999999996,15,40,9.77
60,kruisfontein,-34.0033,24.7314,52.34000000000002,70,0,2.96
61,airai,-8.9266,125.4092,70.826,52,74,1.74
62,kalmunai,7.4167,81.8167,79.62799999999996,82,19,2.66
63,ketchikan,55.3422,-131.6461,43.556000000000026,95,100,1.86
64,vieux-habitants,16.0589,-61.7659,77.26999999999995,78,0,1.54
65,arraial do cabo,-22.9661,-42.0278,72.46400000000003,64,28,4.15
66,vaini,-21.2,-175.2,77.26999999999995,94,75,6.17
67,upernavik,72.7868,-56.1549,25.34000000000002,79,100,2.2
68,albany,42.6001,-73.9662,46.09399999999997,65,54,0.89
69,kavaratti,10.5669,72.642,84.65,74,51,3.1
70,ponta do sol,32.6667,-17.1,55.184,57,100,1.34
71,urusha,54.05,122.9,44.95999999999998,59,95,1.73
72,anaconda,46.1285,-112.9423,73.66999999999996,16,20,4.12
73,sao raimundo nonato,-9.0153,-42.6994,78.20600000000003,59,100,2.63
74,pingliang,35.5392,106.6861,70.21400000000003,25,0,1.32
75,san cristobal,7.7669,-72.225,75.46999999999997,100,75,2.06
76,misratah,32.3754,15.0925,79.08800000000005,39,97,4.64
77,telfs,47.3,11.0667,47.714000000000034,71,75,1.54
78,shimoda,34.6667,138.95,65.84000000000003,72,20,2.06
79,sfantu gheorghe,45.8667,25.7833,48.70399999999995,73,54,0.3
80,santa isabel do rio negro,-0.4139,-65.0192,73.976,94,87,0.66
81,kapaa,22.0752,-159.319,73.13000000000005,78,90,3.6
82,thompson,55.7435,-97.8558,32.26999999999996,100,90,2.57
83,laredo,27.5064,-99.5075,70.06999999999996,94,90,5.14
84,agadez,19.75,10.25,82.076,6,0,2.95
85,port maria,18.3685,-76.8895,78.27799999999996,89,2,2.33
86,hobart,-42.8794,147.3294,62.83399999999999,55,75,5.14
87,huangchuan,32.1272,115.0394,67.316,44,0,4.95
88,surt,31.2089,16.5887,84.88399999999999,19,7,7.4
89,evans,33.5337,-82.1307,70.55600000000004,52,100,0.89
90,san andres,12.5847,-81.7006,82.66999999999996,69,20,3.09
91,bambous virieux,-20.3428,57.7575,77.26999999999995,78,75,6.17
92,tecpan,14.7623,-90.9947,61.898000000000025,94,75,0.24
93,cabo san lucas,22.8909,-109.9124,80.52799999999996,32,1,6.69
94,ixtapa,20.7,-105.2,78.674,78,75,6.17
95,qui nhon,13.7667,109.2333,82.56199999999995,71,6,0.6
96,olafsvik,64.8945,-23.7142,34.05199999999998,69,67,12.88
97,kodiak,57.79,-152.4072,48.469999999999956,66,1,4.63
98,caconda,-13.7333,15.0667,59.57599999999999,69,40,1.96
99,businga,3.3333,20.8833,70.68200000000002,99,100,0.8
100,breytovo,58.2993,37.8617,35.67200000000004,97,100,5.96
101,tacuarembo,-31.7333,-55.9833,56.89399999999998,78,0,1.8
102,kochubey,44.3861,46.5825,54.248000000000026,91,10,3.97
103,broome,42.2506,-75.833,37.72400000000001,81,90,9.77
104,serowe,-22.3833,26.7167,60.58399999999999,83,0,2.11
105,flinders,-34.5833,150.8552,71.69000000000003,76,1,0.89
106,evensk,61.95,159.2333,34.19600000000005,93,37,3.43
107,iroquois falls,48.7669,-80.6831,34.06999999999996,55,20,4.12
108,east london,-33.0153,27.9116,62.79800000000003,71,100,5.62
109,tuktoyaktuk,69.4541,-133.0374,23.26999999999996,80,20,4.63
110,nikolskoye,59.7035,30.7861,33.008,80,0,2.0
111,mandalgovi,45.7625,106.2708,40.693999999999974,30,100,7.39
112,georgetown,5.4112,100.3354,77.03599999999997,94,20,2.06
113,piranhas,-16.4269,-51.8222,72.78800000000004,74,100,1.83
114,nome,64.5011,-165.4064,25.501999999999974,68,75,5.14
115,cidreira,-30.1811,-50.2056,69.09800000000003,72,0,7.74
116,puerto colombia,10.9878,-74.9547,80.86999999999996,83,40,3.09
117,lebu,-37.6167,-73.65,56.39000000000002,91,100,10.22
118,phangnga,8.4509,98.5298,78.60199999999998,94,20,0.86
119,namibe,-15.1961,12.1522,75.25399999999996,75,5,2.47
120,meulaboh,4.1363,96.1285,78.29600000000005,85,100,1.47
121,buza,46.9,24.15,48.97400000000002,100,75,1.03
122,tres palos,18.1833,-101.6167,86.26999999999995,58,1,2.5
123,kalianget,-7.05,113.9333,83.62400000000002,71,98,3.91
124,dunedin,-45.8742,170.5036,57.272000000000034,57,17,4.02
125,kavieng,-2.5744,150.7967,84.88399999999999,66,83,2.04
126,mar del plata,-38.0023,-57.5575,62.00600000000003,77,0,4.63
127,bonavista,48.6499,-53.1147,38.08399999999999,81,100,0.51
128,araouane,18.9048,-3.5265,82.04000000000002,43,100,12.11
129,bredasdorp,-34.5322,20.0403,41.26999999999996,93,0,1.03
130,daru,-9.0763,143.2092,81.33800000000005,80,100,5.02
131,svetlaya,46.5389,138.3297,44.99600000000005,68,100,3.48
132,raudeberg,61.9875,5.1352,39.272000000000034,79,13,6.45
133,tevaitoa,-16.7833,-151.5,81.392,69,98,4.72
134,lake city,30.1897,-82.6393,76.74800000000002,78,1,4.63
135,palmer,42.1584,-72.3287,49.819999999999965,46,75,10.8
136,ribeira grande,38.5167,-28.7,60.33200000000002,77,100,4.87
137,beaupre,47.0443,-70.8953,41.82799999999996,87,100,1.54
138,tiksi,71.6872,128.8694,30.793999999999972,89,22,2.01
139,neya,58.2972,43.8681,48.95600000000003,92,100,4.75
140,katete,-0.7818,29.7544,58.964000000000034,97,38,1.34
141,chokurdakh,70.6333,147.9167,20.714000000000034,82,7,2.67
142,bethel,41.3712,-73.414,51.440000000000026,40,90,8.23
143,vanavara,60.34,102.2797,38.53399999999999,76,43,4.46
144,alta floresta,-9.8756,-56.0861,77.26999999999995,94,75,1.03
145,hithadhoo,-0.6,73.0833,84.07400000000001,71,100,2.38
146,ascension,30.2169,-90.9001,74.69600000000005,73,40,1.54
147,nehe,48.4833,124.8333,54.661999999999956,51,92,2.84
148,le moule,16.3332,-61.3473,77.26999999999995,78,0,1.54
149,padang,-0.9492,100.3543,79.06999999999996,94,20,1.03
150,vestmannaeyjar,63.4427,-20.2734,38.19199999999999,94,95,5.01
151,novopokrovka,49.8425,36.5477,55.66999999999996,71,0,3.0
152,antalaha,-14.9003,50.2788,73.958,91,11,2.66
153,longido,-2.7333,36.6833,63.03200000000002,94,66,1.62
154,semaria,24.3073,79.9718,87.04399999999998,16,95,0.75
155,port shepstone,-30.7414,30.455,64.02200000000005,67,100,5.21
156,brae,60.3964,-1.353,35.86999999999996,87,20,3.09
157,palana,59.1167,159.9667,30.541999999999994,90,92,3.23
158,maniitsoq,65.4167,-52.9,34.80800000000001,77,92,1.96
159,mantua,45.1667,10.7833,56.33599999999997,88,100,0.89
160,jiwani,25.05,61.7417,85.87400000000002,49,100,1.46
161,waipawa,-41.4122,175.5153,55.975999999999985,67,90,8.23
162,clyde river,70.4692,-68.5914,19.66999999999996,100,90,2.06
163,soyo,-6.1349,12.3689,78.33200000000002,85,100,1.73
164,inuvik,68.3499,-133.7218,34.95199999999998,64,100,3.09
165,tabou,4.423,-7.3528,81.28399999999999,77,100,2.69
166,chapleau,47.8405,-83.4034,43.06999999999996,31,1,2.57
167,magdalena,14.1999,121.429,85.00999999999999,65,13,4.02
168,galesong,-5.3166,119.3661,80.86999999999996,74,20,2.06
169,mahibadhoo,3.7833,72.9667,83.20999999999998,69,100,2.15
170,waddan,29.1614,16.139,84.93800000000005,9,0,5.04
171,guerrero negro,27.9769,-114.0611,74.49800000000002,43,0,7.97
172,havoysund,70.9963,24.6622,26.86999999999996,100,90,6.69
173,saskylakh,71.9167,114.0833,32.233999999999995,92,100,3.23
174,ussel,45.55,2.3167,45.95,42,100,0.28
175,almaznyy,48.0448,40.045,50.26999999999996,100,20,2.0
176,itaituba,-4.2761,-55.9836,74.33599999999997,97,100,0.17
177,berlevag,70.8578,29.0864,33.74600000000005,72,100,12.35
178,tilichiki,60.4667,166.1,30.667999999999985,71,2,6.04
179,souillac,-20.5167,57.5167,77.26999999999995,78,75,6.17
180,lahij,13.1667,44.5833,77.558,79,95,1.12
181,makarov,48.6333,142.8,35.708000000000006,96,100,9.96
182,carnarvon,-24.8667,113.6333,64.66999999999996,55,100,4.63
183,lasa,46.6166,10.7002,47.174000000000014,93,75,2.06
184,arona,28.0996,-16.681,60.727999999999966,59,20,6.69
185,grand gaube,-20.0064,57.6608,77.26999999999995,79,100,2.68
186,kaitangata,-46.2817,169.8464,59.26999999999996,52,94,3.58
187,pirogovo,56.7796,53.1495,48.272000000000034,51,100,2.24
188,kaeo,-35.1,173.7833,70.26799999999999,67,25,3.13
189,bayan,46.0833,127.4,53.58200000000002,53,100,4.13
190,mount isa,-20.7333,139.5,79.06999999999996,44,0,4.63
191,sorland,67.667,12.6934,35.94199999999999,60,100,6.2
192,salalah,17.0151,54.0924,82.66999999999996,78,40,1.03
193,beloha,-25.1667,45.05,69.25999999999999,80,3,1.91
194,kondoa,-4.9,35.7833,61.538000000000046,95,100,1.57
195,yeppoon,-23.1333,150.7333,77.26999999999995,57,40,7.2
196,pilar,-9.5972,-35.9567,79.06999999999996,78,40,2.06
197,iqaluit,63.7506,-68.5145,35.564000000000036,75,75,4.63
198,hearst,49.6835,-83.6665,43.06999999999996,31,1,1.54
199,mormugao,15.4,73.8,81.12200000000004,75,4,1.87
200,hasaki,35.7333,140.8333,68.93599999999998,72,75,3.6
201,marawi,7.9986,124.2928,84.27200000000005,74,76,0.89
202,gardendale,33.6601,-86.8128,65.984,56,75,3.09
203,manzanillo,20.3433,-77.1167,79.84399999999997,69,78,1.58
204,faanui,-16.4833,-151.75,81.05000000000001,73,100,1.83
205,tuatapere,-46.1333,167.6833,54.266000000000005,74,96,2.24
206,moree,-29.4667,149.85,73.66999999999996,46,3,6.17
207,provideniya,64.3833,-173.3,28.922000000000036,76,100,2.74
208,murdochville,48.9583,-65.5006,39.469999999999956,93,100,1.54
209,narsaq,60.9167,-46.05,50.26999999999996,29,67,10.8
210,plastun,44.7561,136.2939,50.48599999999997,58,1,2.77
211,nizwa,22.9333,57.5333,72.82400000000001,51,0,0.92
212,llata,-9.4167,-76.7833,49.351999999999975,91,74,1.09
213,xingtai,37.0631,114.4942,66.55999999999997,25,100,1.53
214,isangel,-19.55,169.2667,84.46999999999997,70,75,4.12
215,port lincoln,-34.7333,135.8667,74.78599999999997,35,99,8.67
216,natal,-5.795,-35.2094,76.40600000000003,88,0,3.6
217,tombouctou,20.0,-3.0,75.55999999999997,55,100,10.27
218,port elizabeth,-33.918,25.5701,59.26999999999996,58,0,4.12
219,dubbo,-32.25,148.6167,70.06999999999996,60,0,3.6
220,klaksvik,62.2266,-6.589,35.86999999999996,87,75,3.91
221,severo-kurilsk,50.6789,156.125,35.52799999999996,96,100,10.18
222,portland,45.5234,-122.6762,65.94800000000004,59,90,1.54
223,la ronge,55.1001,-105.2842,68.26999999999995,28,17,3.09
224,selizharovo,56.8519,33.4487,36.932000000000016,92,100,3.57
225,richards bay,-28.783,32.0377,63.842,86,100,5.59
226,baturaja,-4.1333,104.1667,77.46799999999999,90,89,0.78
227,scarborough,54.2797,-0.4044,36.51799999999999,88,79,4.22
228,rehoboth,-23.3167,17.0833,53.13200000000002,40,0,3.15
229,aljezur,37.3191,-8.8033,52.50199999999998,69,5,4.3
230,nuuk,64.1835,-51.7216,33.674000000000014,86,88,3.6
231,gigmoto,13.7796,124.39,83.96600000000001,60,6,1.36
232,ponta delgada,37.7333,-25.6667,52.069999999999965,71,20,1.03
233,camacha,33.0833,-16.3333,61.069999999999965,72,20,3.09
234,kasangulu,-4.5911,15.1708,76.36999999999996,94,75,1.21
235,ahipara,-35.1667,173.1667,66.16400000000004,62,21,5.79
236,lompoc,34.6391,-120.4579,56.3,87,90,5.14
237,marzuq,14.4,46.4667,72.93200000000002,65,56,0.4
238,chadiza,-14.0678,32.4392,62.708000000000006,93,5,1.32
239,nong khae,14.3406,100.8673,81.608,88,100,0.89
240,cap malheureux,-19.9842,57.6142,77.26999999999995,79,100,2.68
241,kisangani,0.5167,25.2,70.95199999999997,97,100,0.27
242,torbay,47.6666,-52.7314,36.55399999999995,100,90,6.69
243,victoria,22.2855,114.1577,76.85600000000002,83,98,0.45
244,chilca,-12.5211,-76.7372,66.70399999999995,82,40,5.14
245,luganville,-15.5333,167.1667,81.842,76,40,4.35
246,grafton,42.207,-71.6856,48.29000000000002,57,20,12.35
247,bilibino,68.0546,166.4372,17.00600000000003,74,80,1.01
248,rio gallegos,-51.6226,-69.2181,41.26999999999996,93,0,5.14
249,novyy urgal,51.0736,132.5642,47.67799999999996,56,99,0.8
250,hauterive,46.0901,3.4459,46.66999999999996,93,90,0.96
251,tiznit,29.5833,-9.5,53.924000000000014,74,69,2.82
252,tazmalt,36.3868,4.3989,66.00199999999998,71,100,1.29
253,pisco,-13.7,-76.2167,65.93000000000004,82,0,5.14
254,dwarka,22.2394,68.9678,82.77799999999996,75,99,5.29
255,laguna,38.421,-121.4238,81.71600000000001,18,1,3.6
256,dakar,14.6937,-17.4441,68.26999999999995,94,5,5.14
257,ilulissat,69.2167,-51.1,37.66999999999996,52,99,1.91
258,havre-saint-pierre,50.2334,-63.5986,43.06999999999996,81,90,2.57
259,port hedland,-20.3167,118.5667,86.26999999999995,28,0,5.66
260,voh,-20.9667,164.7,80.618,55,87,2.64
261,saint-augustin,51.226,-58.6502,40.02799999999996,83,100,8.19
262,rawson,-43.3002,-65.1023,65.58800000000005,34,100,1.66
263,nemuro,43.3236,145.575,46.66999999999996,61,75,7.72
264,roma,43.2128,-75.4557,39.57799999999996,81,90,9.26
265,gornopravdinsk,60.05,69.9,34.80800000000001,91,99,4.84
266,bowen,-20.0167,148.2333,77.26999999999995,69,40,6.69
267,aksu,41.1231,80.2644,68.73800000000006,15,0,2.54
268,acari,-15.4311,-74.6158,70.03399999999999,75,12,1.66
269,lagoa,39.05,-27.9833,59.39600000000005,73,100,4.26
270,tuscaloosa,33.2098,-87.5692,69.04399999999998,56,1,2.06
271,ust-kulom,61.6864,53.6902,34.12400000000001,98,100,5.39
272,wawa,9.9022,4.4192,84.39800000000002,57,3,4.67
273,gladstone,-23.85,151.25,75.46999999999997,60,39,6.69
274,xuddur,4.1213,43.8894,74.20999999999998,81,96,3.09
275,bilma,18.6853,12.9164,82.85,5,0,3.59
276,te anau,-45.4167,167.7167,51.242,67,8,0.45
277,lavrentiya,65.5833,-171.0,25.682000000000016,68,62,1.32
278,wahiawa,21.5028,-158.0236,79.41199999999995,65,90,6.17
279,adrar,20.5022,-10.0711,78.25999999999999,42,100,1.49
280,miri,4.4148,114.0089,80.58200000000002,89,20,1.03
281,sumenep,-7.0167,113.8667,83.91199999999995,71,94,3.93
282,sabang,5.8933,95.3214,82.90399999999995,75,100,3.27
283,asyut,27.181,31.1837,77.26999999999995,31,0,4.12
284,ayan,56.45,138.1667,30.91999999999996,96,100,5.97
285,khatanga,71.9667,102.5,33.332000000000015,92,100,4.49
286,abbeville,50.1,1.8333,37.66999999999996,83,9,1.49
287,saldanha,-33.0117,17.9442,53.86999999999996,76,0,1.03
288,pangnirtung,66.1451,-65.7125,31.783999999999992,78,13,3.64
289,nenjiang,49.1833,125.2167,54.266000000000005,47,86,3.49
290,gorontalo,0.5412,123.0595,86.84600000000006,65,100,0.42
291,gizo,-8.103,156.8419,84.66799999999998,69,45,2.47
292,pierre,44.3683,-100.351,76.38800000000005,33,1,6.69
293,yar-sale,66.8333,70.8333,15.385999999999967,92,61,4.35
294,skuodas,56.2667,21.5333,28.66999999999996,100,3,1.62
295,gospic,44.5461,15.3747,62.86999999999996,77,0,2.57
296,marsabit,2.3284,37.9899,68.01799999999999,66,11,5.51
297,hamilton,39.1834,-84.5333,53.81600000000001,30,1,5.14
298,ostrovnoy,68.0531,39.5131,16.574000000000012,81,100,2.61
299,weiden,49.6775,12.1567,43.73599999999997,89,100,1.07
300,utevka,52.9035,50.9495,51.188000000000045,57,100,6.56
301,bubaque,11.2833,-15.8333,79.26799999999999,68,41,6.54
302,cascais,38.6979,-9.4215,56.26400000000004,70,21,6.44
303,mahajanga,-15.7167,46.3167,75.46999999999997,94,20,1.54
304,yamethin,20.4333,96.15,79.358,75,10,1.64
305,xinmin,41.9908,122.8253,50.26999999999996,62,0,2.0
306,marfino,55.7028,37.3822,49.1,87,20,6.0
307,saint-philippe,-21.3585,55.7679,69.69200000000001,78,0,3.09
308,thinadhoo,0.5333,72.9333,83.35399999999996,68,100,1.05
309,north bend,43.4065,-124.2243,56.408,94,90,3.6
310,senador jose porfirio,-2.5908,-51.9542,74.40800000000002,95,67,1.56
311,kintinku,-5.8833,35.2333,65.62400000000002,94,100,0.88
312,pevek,69.7008,170.3133,19.435999999999964,80,100,7.12
313,sao miguel,-5.4667,-35.3667,76.334,94,40,1.54
314,pervomayskoye,43.919,46.7102,52.141999999999996,94,68,3.17
315,seoul,37.5683,126.9778,52.7,71,75,3.09
316,krasnoshchekovo,51.6708,82.7289,46.59800000000003,69,100,1.67
317,los llanos de aridane,28.6585,-17.9182,59.61199999999995,59,20,5.66
318,harsin,34.2721,47.5861,57.469999999999956,41,0,0.54
319,shupiyan,33.7167,74.8333,48.90199999999997,80,100,0.88
320,emba,48.8264,58.1442,47.498000000000026,51,4,3.98
321,hervey bay,-25.2986,152.8535,67.26199999999996,95,47,4.02
322,salinas,36.6777,-121.6555,59.14399999999998,63,20,7.72
323,lazaro cardenas,17.9583,-102.2,79.51999999999995,72,100,3.67
324,kitgum,3.2783,32.8867,65.04800000000003,96,57,1.15
325,mount gambier,-37.8333,140.7667,61.069999999999965,51,100,5.66
326,vila,42.0304,-8.1588,45.76999999999996,87,0,2.57
327,pacific grove,36.6177,-121.9166,55.70600000000003,63,40,4.63
328,arrecife,28.963,-13.5477,62.86999999999996,59,0,3.6
329,sao joao da barra,-21.6403,-41.0511,69.16999999999996,75,100,4.24
330,margate,51.3813,1.3862,41.39600000000005,82,12,0.89
331,cam ranh,11.9214,109.1591,84.46999999999997,70,20,2.06
332,vardo,70.3705,31.1107,33.15199999999997,90,100,9.39
333,coahuayana,18.7333,-103.6833,84.46999999999997,48,40,5.14
334,sao filipe,14.8961,-24.4956,72.95,76,41,3.52
335,launceston,-41.45,147.1667,60.188000000000045,77,90,1.54
336,temir,49.1414,57.13,45.76999999999996,54,15,4.03
337,la palma,33.8464,-118.0467,79.62799999999996,47,1,4.12
338,champerico,14.3,-91.9167,76.08200000000002,74,75,2.06
339,cozumel,20.5083,-86.9458,82.47200000000004,69,40,4.63
340,folldal,62.1325,9.9968,19.201999999999977,98,97,1.45
341,lulea,65.5842,22.1547,26.86999999999996,68,88,4.12
342,banes,20.9625,-75.7186,80.86999999999996,61,20,6.69
343,nanortalik,60.1432,-45.2371,37.92200000000004,72,55,4.74
344,solnechnyy,50.7214,136.6319,38.62400000000001,66,100,4.12
345,ananas,19.2466,-71.9557,72.35600000000002,76,43,2.26
346,mutoko,-17.397,32.2268,59.161999999999956,93,98,1.55
347,dingle,10.9995,122.6711,86.50399999999996,65,61,3.27
348,college,64.8569,-147.8028,35.20399999999995,48,90,4.12
349,huarmey,-10.0681,-78.1522,68.54000000000002,85,4,3.52
350,tranas,58.0372,14.9782,31.388000000000044,74,0,2.06
351,palimbang,6.2106,124.1894,85.90999999999998,70,73,2.13
352,husavik,66.0449,-17.3389,32.26999999999996,93,90,3.09
353,erzin,36.9559,36.2,65.26400000000004,92,0,1.11
354,akureyri,65.6835,-18.0878,32.26999999999996,93,90,3.09
355,batemans bay,-35.7167,150.1833,67.56799999999998,59,0,2.06
356,shache,38.4167,77.2406,67.118,19,0,4.35
357,huilong,31.8111,121.655,67.87400000000002,59,1,6.44
358,pangai,-19.8,-174.35,80.86999999999996,83,75,6.17
359,apastovo,55.2029,48.5109,48.469999999999956,49,0,8.0
360,goure,13.9835,10.2704,78.96199999999996,10,4,3.18
361,yantzaza,-3.8278,-78.7594,66.21799999999999,98,36,0.43
362,constantine,36.365,6.6147,71.86999999999996,40,0,9.26
363,vila franca do campo,37.7167,-25.4333,52.069999999999965,71,20,1.03
364,coos bay,43.3665,-124.2179,55.940000000000026,94,90,3.6
365,zhongshu,24.5167,103.7667,65.174,77,100,2.45
366,alexandria,31.2156,29.9553,68.26999999999995,52,0,1.54
367,bahia blanca,-38.7196,-62.2724,63.55399999999995,57,81,6.34
368,kabinda,-6.1333,24.4833,67.334,95,100,0.73
369,mazatlan,23.2167,-106.4167,78.83599999999997,53,1,4.63
370,bengkulu,-3.8004,102.2655,78.44000000000003,81,100,1.44
371,yakima,46.4665,-120.6678,73.90399999999995,27,20,7.72
372,bitung,1.4451,125.1824,86.26999999999995,70,20,1.03
373,okhotsk,59.3833,143.3,34.358000000000004,77,100,1.08
374,santa cruz,-17.8,-63.1667,68.26999999999995,68,3,1.03
375,straumen,63.8709,11.2999,35.653999999999954,81,40,3.09
376,cururupu,-1.8283,-44.8683,74.084,95,68,0.96
377,vao,-22.6667,167.4833,74.58800000000005,70,100,10.43
378,igarka,67.4667,86.5833,31.424000000000014,87,93,5.29
379,tommot,58.9564,126.2925,37.32799999999996,99,100,0.41
380,san ramon,37.7799,-121.978,65.24600000000005,37,1,6.17
381,fort nelson,58.8053,-122.7002,59.26999999999996,23,75,4.12
382,kefalos,36.7453,26.9589,66.46999999999997,63,0,1.54
383,ilawe,7.8667,4.4333,73.88599999999997,95,49,2.63
384,tesanjka,44.6731,18.0128,54.17599999999999,100,20,0.51
385,lamar,33.6668,-95.5836,61.91600000000001,94,90,6.17
386,traiguen,-38.25,-72.6833,56.24600000000005,82,100,6.83
387,sangmelima,2.9333,11.9833,68.91799999999998,98,100,0.81
388,sinnamary,5.3833,-52.95,76.19000000000003,92,100,4.22
389,poronaysk,49.2167,143.1167,38.3,82,100,10.14
390,guozhen,34.3659,107.359,71.99600000000005,38,0,1.14
391,chumphon,10.3333,98.8333,80.99600000000005,94,40,1.03
392,mbanza-ngungu,-5.25,14.8667,69.368,97,100,0.99
393,muyezerskiy,63.9333,31.65,27.517999999999983,79,99,3.16
394,tignere,7.3667,12.65,69.35,71,100,1.33
395,tabas,33.5959,56.9244,72.842,42,100,0.55
396,masvingo,-20.0637,30.8277,62.25800000000001,87,100,1.29
397,poso,-1.3959,120.7524,85.316,65,75,0.23
398,porbandar,21.6422,69.6093,82.21999999999997,74,100,3.81
399,naze,28.3667,129.4833,75.46999999999997,78,75,9.77
400,jaca,42.569,-0.5499,46.66999999999996,93,100,1.15
401,sume,-7.6717,-36.88,69.29600000000005,88,100,3.25
402,shimoni,-4.6476,39.3817,77.99000000000002,86,71,4.08
403,bara,10.3744,10.7288,84.48800000000006,35,17,2.58
404,surgut,61.25,73.4167,35.86999999999996,93,40,4.0
405,anshun,26.25,105.9333,65.76799999999999,78,100,2.09
406,maamba,-17.3667,27.15,68.93599999999998,78,100,0.53
407,sainte-rose,16.3324,-61.6979,77.26999999999995,78,0,1.54
408,kijang,35.2442,129.2139,55.66999999999996,76,75,3.09
409,port hardy,50.6996,-127.4199,51.36799999999998,87,75,1.03
410,houston,29.7633,-95.3633,71.31199999999995,83,90,4.63
411,laramie,41.3114,-105.5911,69.69200000000001,14,1,4.63
412,fortuna,40.5982,-124.1573,57.182000000000016,94,20,5.66
413,abha,18.2164,42.5053,63.71600000000001,48,20,2.06
414,ancud,-41.8697,-73.8203,53.54600000000005,100,90,6.17
415,zeya,53.75,127.2667,45.14000000000002,41,100,0.52
416,luderitz,-26.6481,15.1594,63.266000000000005,39,0,6.01
417,khani,41.9563,42.9566,50.26999999999996,93,0,2.06
418,sinj,43.7036,16.6394,66.46999999999997,59,0,1.54
419,avera,33.194,-82.5271,69.458,46,1,2.57
420,mitu,1.1983,-70.1733,71.34800000000003,99,86,1.19
421,vakhrushev,48.9833,142.9667,35.47400000000001,97,100,10.43
422,guymon,36.6828,-101.4816,75.46999999999997,17,1,4.63
423,charters towers,-20.1,146.2667,75.84800000000003,56,19,5.39
424,bar harbor,44.3876,-68.2039,41.50399999999995,87,90,4.63
425,ossora,59.2353,163.0719,34.32200000000004,88,34,2.08
426,garissa,-0.4536,39.6401,78.49399999999997,80,28,5.7
427,makakilo city,21.3469,-158.0858,80.94200000000001,61,90,5.14
428,lorengau,-2.0226,147.2712,86.48599999999996,62,50,0.38
429,vrangel,42.7297,133.0839,44.024000000000015,80,100,4.25
430,bansi,27.1833,82.9333,82.45399999999995,35,6,3.95
431,yarada,17.65,83.2667,80.86999999999996,89,40,1.03
432,novyy urengoy,66.0833,76.6333,29.425999999999988,95,100,7.3
433,townsville,-19.25,146.8,79.06999999999996,61,75,3.6
434,san patricio,28.017,-97.5169,74.48000000000005,88,90,6.69
435,hami,42.8,93.45,75.77599999999998,11,39,4.01
436,henties bay,-22.116,14.2845,56.26400000000004,91,0,0.45
437,taoudenni,22.6783,-3.9836,77.84600000000006,52,100,4.97
438,alofi,-19.0595,-169.9187,77.26999999999995,94,100,3.09
439,balkanabat,39.5108,54.3671,72.08599999999997,40,13,5.87
440,kumbhraj,24.3667,77.05,83.62400000000002,22,49,3.05
441,vanimo,-2.6741,141.3028,84.83000000000004,72,69,0.39
442,hay river,60.8156,-115.7999,34.06999999999996,86,100,2.06
443,vawkavysk,53.1561,24.4513,43.358000000000004,88,100,2.99
444,bachatskiy,54.2927,86.1285,44.00600000000003,66,100,1.62
445,xining,36.6167,101.7667,55.65199999999997,27,71,1.32
446,aksarka,66.5606,67.7975,13.42400000000001,90,26,0.52
447,sumbe,-11.2061,13.8437,78.44000000000003,85,100,1.45
448,nara,34.6851,135.8049,68.684,48,75,5.14
449,yulara,-25.2406,130.9889,68.26999999999995,28,100,2.57
450,jiuquan,39.7432,98.5174,71.29399999999998,9,100,0.8
451,imbituba,-28.24,-48.6703,62.86999999999996,88,0,3.81
452,gazanjyk,39.2446,55.5154,70.41199999999995,40,10,7.99
453,zhaoyang,42.682,126.0305,50.88200000000002,55,100,2.99
454,toktogul,41.8708,72.9402,60.76400000000004,77,78,0.34
455,yumen,40.2833,97.2,70.32200000000003,8,100,1.4
456,cayenne,4.9333,-52.3333,77.09000000000003,100,75,4.68
457,ravar,31.2656,56.8055,69.35,45,100,1.99
458,harrisonburg,38.4496,-78.8689,49.73000000000005,71,40,8.11
459,caravelas,-17.7125,-39.2481,76.13599999999997,67,100,6.2
460,coquimbo,-29.9533,-71.3436,57.469999999999956,88,0,2.02
461,rayong,12.8333,101.4333,84.57799999999997,93,63,0.24
462,sheregesh,52.9209,87.9869,41.61199999999995,91,100,0.39
463,zhigansk,66.7697,123.3711,30.50600000000003,96,100,2.68
464,wichian buri,15.6578,101.106,80.29399999999998,82,100,0.74
465,mendi,-6.1761,143.6513,69.92599999999999,55,43,2.08
466,unai,-16.3575,-46.9061,69.04399999999998,84,100,0.98
467,abilene,32.4487,-99.7331,64.30999999999997,82,90,3.6
468,hare bay,48.8499,-54.0148,41.61199999999995,81,100,0.51
469,saint-pierre,-21.3393,55.4781,70.484,78,0,3.09
470,conceicao da barra,-18.5933,-39.7322,73.00399999999996,75,100,4.71
471,kristiansund,63.1115,7.732,34.06999999999996,80,40,1.14
472,kununurra,-15.7667,128.7333,86.26999999999995,35,0,3.09
473,eyl,7.9803,49.8164,82.38200000000002,74,100,1.87
474,mokhotlong,-29.2894,29.0675,41.21600000000001,92,100,1.01
475,belaya gora,68.5333,146.4167,28.201999999999977,76,100,4.18
476,never,46.9896,3.159,44.27599999999999,85,100,1.54
477,atar,20.5169,-13.0499,81.33800000000005,18,0,1.76
478,guilin,25.2819,110.2864,71.86999999999996,83,0,1.0
479,yanam,16.7333,82.2167,80.86999999999996,89,40,2.06
480,lumphat,13.4878,106.9816,84.434,61,25,2.23
481,port blair,11.6667,92.75,77.26999999999995,88,20,0.48
482,adre,13.4667,22.2,80.816,14,98,5.09
483,wanaka,-44.7,169.15,54.82400000000001,58,100,0.7
484,anadyr,64.75,177.4833,21.469999999999956,79,90,2.0
485,broceni,56.7,22.5333,29.82200000000004,90,5,2.05
486,ilebo,-4.3167,20.5833,70.98800000000006,98,100,0.32
487,la baule-escoublac,47.2922,-2.364,46.66999999999996,71,0,3.09
488,mayumba,-3.432,10.6554,78.63800000000005,89,100,1.73
489,bukachacha,52.9833,116.9167,48.45199999999998,40,0,2.02
490,cruzilia,-21.8386,-44.8083,54.08599999999997,94,100,2.61
491,horodyshche,49.2849,31.4451,50.88200000000002,96,16,3.26
492,belomorsk,64.5232,34.7668,28.21999999999996,72,100,2.54
493,shelburne,44.0787,-80.2041,40.29800000000002,77,13,8.49
494,remedios,22.4947,-79.5458,80.86999999999996,69,20,4.12
495,sitka,57.0531,-135.33,46.66999999999996,87,90,3.09
496,maceio,-9.6658,-35.7353,79.06999999999996,78,40,2.06
497,zabaykalsk,49.6333,117.3167,43.75399999999995,57,35,3.86
498,paita,-5.0892,-81.1144,71.40199999999999,77,36,6.33
499,hokitika,-42.7167,170.9667,59.25199999999998,60,12,1.89
500,ankang,32.68,109.0172,72.96799999999999,55,0,0.76
501,dongli,23.5656,116.8194,75.46999999999997,73,40,1.0
502,las rosas,-32.4766,-61.5804,56.58800000000005,59,0,3.11
503,rantepao,-2.9701,119.8978,77.93599999999998,69,49,0.84
504,ouadda,8.0777,22.4007,72.91400000000004,61,65,1.92
505,rio grande,-32.035,-52.0986,63.266000000000005,90,0,6.14
506,penzance,50.1186,-5.5371,39.469999999999956,87,4,3.58
507,lincoln,40.8,-96.667,84.46999999999997,20,1,3.09
508,kautokeino,69.0125,23.0412,7.177999999999962,87,80,3.53
509,port antonio,18.18,-76.4612,79.62799999999996,74,20,8.23
510,masasi,-10.7167,38.8,67.71199999999996,97,77,0.63
511,springbok,-29.6643,17.8865,50.900000000000006,44,0,4.24
512,khandyga,62.6667,135.6,37.65199999999997,96,100,0.4
513,port neches,29.9913,-93.9585,74.48000000000005,78,1,2.57
514,gimli,50.6336,-96.9907,43.06999999999996,65,100,8.23
515,chanute,37.6792,-95.4572,74.80399999999995,29,1,4.12
516,ambon,-3.6954,128.1814,89.86999999999996,62,40,1.03
517,pasighat,28.0667,95.3333,80.05999999999997,55,100,1.04
518,sueca,39.2026,-0.3111,59.288000000000046,87,100,0.45
519,tautira,-17.7333,-149.15,84.36199999999997,70,75,5.14
520,carroll,39.5501,-77.0164,50.26999999999996,51,6,3.58
521,pringsewu,-5.3582,104.9744,78.00800000000001,90,100,0.68
522,yabelo,4.8833,38.0833,57.811999999999955,88,50,1.72
523,beysehir,37.6773,31.7246,58.98200000000001,56,0,1.27
524,bronnoysund,65.4625,12.1997,33.674000000000014,86,75,3.6
525,qandala,11.472,49.8728,84.39800000000002,65,100,0.78
526,ranau,5.9538,116.6641,83.82200000000003,79,20,1.54
527,cockburn town,21.4612,-71.1419,79.06999999999996,69,40,3.6
528,nyurba,63.2842,118.3319,39.811999999999955,85,100,3.72
529,wajir,1.7471,40.0573,79.79000000000002,69,88,5.99
530,meligalas,37.2167,21.9667,61.98800000000004,71,100,1.54
531,tafalla,42.5269,-1.6745,46.52599999999999,87,75,2.57
532,freeport,40.6576,-73.5832,56.11999999999996,50,75,12.35
533,aklavik,68.2191,-135.0107,34.91600000000001,64,100,3.09
534,abu dhabi,24.4667,54.3667,80.09600000000006,69,0,1.54
535,chernyshevskiy,63.0128,112.4714,35.34800000000003,86,100,3.75
536,carupano,10.6678,-63.2585,76.226,89,100,3.36
537,kahului,20.8947,-156.47,76.45999999999998,69,40,7.72
538,benguela,-12.5763,13.4055,77.86400000000003,85,46,0.9
539,belmonte,-15.8631,-38.8828,71.86999999999996,88,90,3.09
540,schwandorf,49.3262,12.1093,45.14000000000002,87,90,1.54
541,inhambane,-23.865,35.3833,72.55399999999995,80,100,3.21
542,palauig,15.435,119.9045,85.28000000000004,65,32,2.02
543,quelimane,-17.8786,36.8883,77.26999999999995,94,40,1.08
544,bell ville,-32.6259,-62.6887,58.26199999999996,73,0,3.78
545,kitimat,54.0524,-128.6534,45.266000000000005,94,100,1.59
546,kandrian,-6.2167,149.55,84.90199999999999,71,53,3.07
547,kassala,15.451,36.4,83.89399999999998,44,71,3.01
548,ocu,35.0044,135.8683,64.14800000000002,60,100,0.89
549,asau,46.4333,26.4,52.26799999999999,59,98,2.11
550,porosozero,62.7191,32.727,28.093999999999973,84,21,3.22
551,yangambi,0.8102,24.4336,69.584,99,100,0.82
552,jambi,-1.6,103.6167,77.37799999999996,91,98,1.08
553,atambua,-9.1061,124.8925,81.06799999999998,63,17,1.26
554,tura,25.5198,90.2201,76.17200000000004,63,2,2.28
555,swan river,52.1058,-101.2676,66.46999999999997,24,12,2.57
556,kysyl-syr,63.8986,122.7617,33.85399999999995,97,100,2.97
557,karacabey,40.2152,28.4038,53.86999999999996,94,0,1.54
558,siavonga,-16.5382,28.7088,72.53599999999997,84,96,3.0
559,riyadh,24.6877,46.7219,80.924,12,0,2.06
560,jawhar,2.7809,45.5005,77.82799999999997,80,40,1.9
561,pimentel,-6.8367,-79.9342,66.41600000000001,77,90,7.72
562,nola,40.922,14.5329,64.16600000000001,67,0,1.54
563,kibre mengist,5.8833,38.9833,56.101999999999975,97,93,0.73
564,touros,-5.1989,-35.4608,75.46999999999997,94,40,1.54
565,oranjestad,12.524,-70.027,80.54600000000005,78,40,6.17
566,muncar,-8.4333,114.3333,81.51799999999999,74,71,0.26
567,umm kaddadah,13.6017,26.6876,77.03599999999997,29,13,1.71
568,alyangula,-13.8483,136.4192,84.46999999999997,79,40,3.09
569,labuhan,-6.8844,112.2051,81.57200000000003,79,76,2.84
570,okha,53.5739,142.9478,34.86199999999995,82,100,4.33
571,roebourne,-20.7833,117.1333,86.52200000000005,31,0,6.04
572,santa isabel,-23.3156,-46.2214,61.64600000000005,88,40,2.06
573,vincennes,48.85,2.4333,48.29000000000002,66,0,1.03
574,vaxjo,56.8777,14.8091,35.6,75,75,2.06
575,petropavlovsk-kamchatskiy,53.0452,158.6483,37.66999999999996,100,90,6.0
576,kyzyl-suu,42.3414,78.0056,49.351999999999975,88,100,2.28
577,kabalo,-6.05,26.9167,69.63800000000005,96,100,0.44
578,carman,49.4992,-98.0016,56.3,26,60,10.29
579,hirara,24.8,125.2833,78.33200000000002,83,75,5.14
580,winnemucca,40.973,-117.7357,84.46999999999997,9,1,6.17
581,mana,5.6592,-53.7767,75.59600000000006,92,92,3.19
582,namatanai,-3.6667,152.4333,85.71199999999996,65,41,0.14
583,half moon bay,37.4636,-122.4286,59.03599999999997,87,90,6.17
584,uruguaiana,-29.7547,-57.0883,64.66999999999996,72,0,1.54
585,sainte-anne-des-monts,49.124,-66.4924,41.26999999999996,87,100,4.63
586,numan,9.4667,12.0333,88.77200000000005,40,21,1.32
587,wukari,7.85,9.7833,84.10999999999999,62,100,4.43
588,faya,18.3851,42.4509,63.76999999999996,48,20,2.06
589,poroshkovo,48.6683,22.7533,55.274000000000015,95,88,1.14
590,jalu,29.0331,21.5482,83.60600000000002,14,0,4.72
591,poopo,-18.3667,-66.9667,43.06999999999996,36,0,2.06
592,fostoria,41.157,-83.4169,50.19800000000002,35,1,5.66
593,prudy,57.5738,46.2718,49.693999999999974,83,100,8.52
594,zabid,14.1951,43.3152,84.23599999999996,64,77,1.76
595,staryy nadym,65.6118,72.6842,29.425999999999988,91,100,6.86
596,taloqan,36.7361,69.5345,66.81199999999995,55,100,0.63
597,prabumulih,-3.45,104.25,77.32400000000001,91,100,1.02
598,naryan-mar,67.6713,53.087,29.624000000000013,80,100,3.58
599,goderich,43.7501,-81.7165,41.26999999999996,60,0,11.32
600,yuryev-polskiy,56.5,39.6833,48.14600000000005,84,100,6.52
601,puerto carreno,6.189,-67.4859,75.10999999999999,84,66,1.06
602,mehamn,71.0357,27.8492,33.16999999999996,61,93,10.01
603,fairhope,30.523,-87.9033,72.42799999999997,88,1,2.06
604,westport,41.1415,-73.3579,53.22200000000004,48,17,0.45
605,bahia honda,22.9036,-83.1592,79.142,75,26,3.02
606,diego de almagro,-26.3667,-70.05,57.596000000000046,58,8,0.35
607,high prairie,55.4334,-116.4858,61.069999999999965,27,12,8.75
608,podporozhye,60.9112,34.1706,30.127999999999965,85,11,2.02
609,valdivia,-39.8142,-73.2459,55.66999999999996,100,90,2.57
610,helong,42.5397,128.9972,43.84399999999997,81,100,1.68
611,lashio,22.9333,97.75,74.15600000000003,70,3,0.44
612,kuryk,43.2,51.65,65.24600000000005,51,90,5.98
613,markala,13.7021,-6.0659,88.62799999999996,40,72,6.68
614,lunavada,23.1333,73.6167,84.72200000000004,39,93,2.16
615,harper,4.375,-7.7169,81.30199999999998,77,100,2.37
616,amapa,1.0,-52.0,72.06799999999998,98,100,1.02
617,tortosa,40.8125,0.5216,51.49399999999997,80,100,3.58
618,spasskoye,44.6108,132.7969,53.24000000000002,55,9,2.49
619,korla,41.7597,86.1469,71.50999999999999,16,0,1.9
620,dno,57.8277,29.9637,29.011999999999954,89,10,1.98
621,haapiti,-17.5667,-149.8667,84.36199999999997,70,75,5.14
622,shahrud,36.4182,54.9763,60.04399999999997,52,0,2.26
623,sedkyrkeshch,61.75,50.9167,39.469999999999956,100,75,5.0
624,dinganen,7.3283,124.3783,84.46999999999997,65,46,1.43
625,tongchuan,35.0806,109.0897,69.31400000000004,25,0,1.45
626,shakhovskaya,56.0283,35.5097,42.061999999999955,93,100,5.35
627,poum,-20.2333,164.0167,77.14399999999998,67,94,4.02
628,redlands,34.0556,-117.1825,86.37799999999996,7,1,5.14
629,sola,-13.8833,167.55,79.06999999999996,94,90,7.46
630,fort-shevchenko,44.5086,50.263,62.24000000000002,43,42,6.45
631,orotukan,62.2667,151.7,31.406000000000027,91,100,0.91
632,pitimbu,-7.4706,-34.8086,75.46999999999997,100,20,2.57
633,lokosovo,61.1333,74.8167,34.358000000000004,87,100,5.21
634,laminusa,5.5549,120.9136,84.326,69,49,2.77
635,aginskoye,51.1,114.53,46.022000000000034,48,7,2.25
636,bayir,37.2687,28.2167,55.66999999999996,82,0,2.06
637,rincon,32.296,-81.2354,76.76600000000002,31,40,4.12
638,stepnogorsk,52.3544,71.8869,42.35,57,0,6.23
639,the valley,18.217,-63.0578,78.87200000000004,73,20,4.12
640,pochutla,15.7432,-96.4661,82.976,74,90,3.6
641,kupang,-10.1667,123.5833,83.53399999999999,66,6,3.81
642,logansport,40.7545,-86.3567,47.84000000000002,53,1,4.12
643,puerto quijarro,-17.7833,-57.7667,71.34800000000003,45,1,0.5
644,great bend,38.3645,-98.7648,77.26999999999995,27,1,4.63
645,porangatu,-13.4408,-49.1486,73.976,79,97,1.61
646,dillon,34.4166,-79.3712,70.88000000000005,43,1,2.06
647,providencia,28.7167,-111.5833,92.56999999999996,20,0,5.36
648,dauphin,51.1494,-100.0502,64.66999999999996,25,1,4.63
649,ovsyanka,55.9575,92.5519,44.86999999999996,53,0,1.0
650,vila velha,-20.3297,-40.2925,74.75,68,0,5.14
651,abu samrah,35.3029,37.1841,66.84800000000003,37,0,2.11
652,morondava,-20.2833,44.2833,74.94800000000004,84,0,2.77
653,shahr-e babak,30.1165,55.1186,57.596000000000046,58,99,1.34
654,komsomolskiy,40.4272,71.7189,64.66999999999996,55,32,2.06
655,khasan,42.4308,130.6434,42.44000000000002,81,100,3.19
656,sharan,54.8167,54.0,45.266000000000005,61,77,5.78
657,hambantota,6.1241,81.1185,75.46999999999997,100,20,1.03
658,saint george,37.1041,-113.5841,92.48000000000005,9,1,2.06
659,port-gentil,-0.7193,8.7815,81.91400000000004,79,100,3.18
660,constitucion,-35.3333,-72.4167,56.55199999999998,87,100,4.85
661,talnakh,69.4865,88.3972,23.503999999999948,82,12,1.14
662,kamaishi,39.2667,141.8833,55.66999999999996,58,20,1.54
663,walvis bay,-22.9575,14.5053,53.99600000000005,87,0,3.6
664,moron,-34.6534,-58.6198,65.15600000000003,75,7,2.13
665,copiapo,-27.3667,-70.3333,59.26999999999996,82,0,0.83
666,sosnovo-ozerskoye,52.5249,111.5418,39.50600000000003,58,100,2.31
667,velyka lepetykha,47.1757,33.9436,51.92599999999999,85,79,4.13
668,itoman,26.1247,127.6694,77.03599999999997,83,75,6.17
669,olinda,-8.0089,-34.8553,77.26999999999995,78,75,2.57
670,samokov,42.3333,23.55,57.32599999999999,77,0,1.54
671,brownsville,25.9018,-97.4975,75.83000000000004,83,90,4.63
672,summerland,49.5998,-119.6691,70.95199999999997,28,7,3.09
673,sabaudia,41.3003,13.0282,60.8,91,100,2.69
674,zhuhai,22.2769,113.5678,78.476,88,20,1.54
675,parrita,9.5201,-84.3225,67.65800000000002,94,75,1.03
676,kapit,2.0167,112.9333,74.03000000000004,99,100,0.38
677,banda aceh,5.5577,95.3222,81.14000000000001,77,52,2.61
678,umm lajj,25.0213,37.2685,85.80199999999998,32,0,3.72
679,dukat,62.55,155.55,28.238000000000046,84,99,1.37
680,hofn,64.2539,-15.2082,36.122000000000035,65,100,5.04
681,san carlos de bariloche,-41.1456,-71.3082,50.26999999999996,81,90,6.17
682,lampa,-33.2833,-70.9,57.38000000000004,67,71,4.12
683,ibra,22.6906,58.5334,73.976,41,15,1.28
684,ugoofaaru,5.6667,73.0,83.13800000000005,74,72,2.53
685,muscle shoals,34.7448,-87.6675,68.558,38,1,2.06
686,boyolangu,-8.1181,111.8935,80.09600000000006,80,92,0.8
687,kendari,-3.945,122.4989,84.12799999999996,65,100,1.36
688,omsukchan,62.5333,155.8,29.317999999999984,86,99,1.43
689,tortoli,39.9256,9.6572,61.069999999999965,94,40,1.54
690,jumla,29.2747,82.1838,52.609999999999985,71,54,0.9
691,alexander city,32.944,-85.9539,67.06400000000004,49,1,1.54
692,amberley,39.2048,-84.428,52.969999999999956,33,1,6.69
693,zhaozhou,45.6833,125.3167,53.366000000000014,43,91,4.12
694,nikolayevsk-na-amure,53.1406,140.73,38.911999999999956,73,100,1.82
695,hovd,48.0056,91.6419,62.83399999999999,26,100,4.41
696,gillette,44.2911,-105.5022,78.02599999999998,18,1,3.6
697,san policarpo,12.1791,125.5072,83.56999999999996,66,8,2.48
698,beringovskiy,63.05,179.3167,24.74600000000005,74,98,6.3
699,nemours,48.2751,2.6908,46.742,76,100,1.03
700,oban,56.4127,-5.4706,40.225999999999985,84,85,1.74
701,burnie,-41.0667,145.9167,64.27400000000002,64,100,1.79
702,miandrivazo,-19.5167,45.4667,75.38000000000005,78,0,1.08
703,boralday,43.3578,76.8594,53.86999999999996,94,90,6.0
704,aswan,24.0934,32.907,84.91999999999996,14,0,3.73
705,morgan city,29.6994,-91.2068,77.59399999999997,78,1,3.09
706,livani,56.3543,26.1758,30.343999999999973,92,6,2.12
707,colares,38.7992,-9.4469,56.26400000000004,70,72,8.0
708,simao,22.7886,100.9748,69.69200000000001,79,98,0.58
709,phalodi,27.1333,72.3667,81.33800000000005,33,43,1.2
710,santiago,-33.4569,-70.6483,56.80399999999995,67,100,4.12
711,qasigiannguit,68.8193,-51.1922,37.66999999999996,52,100,1.53
712,samarai,-10.6167,150.6667,81.85999999999999,75,72,4.52
713,kazerun,29.6195,51.6541,69.18800000000005,26,0,2.2
714,kaohsiung,22.6163,120.3133,79.98800000000006,69,75,0.51
715,firminy,45.3873,4.2907,46.66999999999996,93,90,0.13
716,northam,51.0333,-4.2167,36.59000000000002,80,16,2.43
717,taganak,6.0833,118.3,84.36199999999997,84,20,2.06
718,salta,-24.7859,-65.4117,55.435999999999964,82,0,1.54
719,turan,16.0678,108.2208,82.66999999999996,78,20,2.06
720,alta,69.9689,23.2717,28.66999999999996,64,20,12.35
721,sarankhola,22.3082,89.7897,83.39000000000001,73,2,4.09
722,novikovo,51.1537,37.8879,55.66999999999996,79,100,5.04
723,jacksonville,30.3322,-81.6556,80.042,69,75,2.57
724,conde,-7.2597,-34.9075,75.46999999999997,100,20,2.57
725,buraydah,26.326,43.975,71.86999999999996,37,0,2.06
726,marshall,34.3834,-86.3333,66.16400000000004,42,1,2.06
727,kutum,14.2,24.6667,75.79399999999998,15,70,2.9
728,qidong,31.8128,121.6561,67.87400000000002,59,0,6.87
729,taltal,-25.4,-70.4833,64.49000000000002,77,13,1.19
730,elektrogorsk,55.8794,38.7919,50.26999999999996,93,20,2.0
731,kwinana,-32.25,115.7667,58.33399999999999,72,0,2.06
732,bereda,43.2686,-7.5406,39.272000000000034,98,90,0.45
733,lodja,-3.4833,23.4333,69.80000000000001,99,99,0.46
734,opatija,45.3392,14.3083,58.26199999999996,88,20,1.03
735,bocas del toro,9.3333,-82.25,64.27400000000002,99,44,1.12
736,arman,59.7,150.1667,36.788000000000046,73,100,1.37
737,oktyabrskiy,54.4815,53.471,45.932000000000016,62,75,4.81
738,basco,20.4487,121.9702,79.71799999999999,73,2,2.69
739,matara,5.9485,80.5353,78.02599999999998,86,47,0.68
740,kyzyl-mazhalyk,51.1333,90.6,42.458000000000006,92,100,3.83
741,ambilobe,-13.2,49.05,72.91400000000004,95,6,1.19
742,shakiso,5.75,38.9167,56.53399999999999,96,99,1.18
743,latung,5.5,120.8833,84.50600000000003,68,58,2.88
744,talcahuano,-36.7167,-73.1167,57.469999999999956,94,90,8.23
745,ust-ilimsk,58.0006,102.6619,40.04600000000005,82,12,3.66
746,karwar,14.8,74.1333,78.674,83,6,1.69
747,waingapu,-9.6567,120.2641,83.84000000000003,72,10,4.73
748,beibei,29.8256,106.4339,73.47200000000004,73,0,2.0
749,gaoua,10.2992,-3.2508,83.35399999999996,53,4,3.27
750,kaposmero,46.3617,17.704,53.86999999999996,87,0,3.6
751,sao jose da coroa grande,-8.8978,-35.1478,77.75600000000003,80,81,4.83
752,aurangabad,19.8833,75.3333,80.86999999999996,47,75,1.03
753,mount pleasant,32.7941,-79.8626,73.36400000000003,53,1,3.42
754,gberia fotombu,9.8833,-11.1667,73.74199999999999,80,52,2.22
755,antsohihy,-14.8796,47.9875,73.94000000000003,80,0,2.1
756,dongsheng,39.8161,109.9776,51.92599999999999,30,100,2.94
757,zarubino,42.63,131.0922,43.39399999999997,75,100,3.66
758,yerbogachen,61.2767,108.0108,36.51799999999999,95,100,3.99
759,pandan,14.0453,124.1694,83.22799999999997,62,11,0.56
760,qostanay,53.1667,63.5833,41.59399999999997,58,12,2.15
761,antigonish,45.6169,-61.9986,42.998000000000026,95,100,2.68
762,valparaiso,-33.0393,-71.6273,55.903999999999954,94,0,1.54
763,ous,60.9058,61.5186,31.69399999999997,59,24,2.03
764,yatou,37.15,122.3833,54.51799999999999,55,0,6.1
765,san juan,-31.5375,-68.5364,68.21600000000001,43,0,2.63
766,trhove sviny,48.8423,14.6392,45.95,81,100,3.32
767,kilinochchi,9.3961,80.3982,78.89000000000001,86,100,2.1
768,koscierzyna,54.1223,17.9812,29.083999999999993,100,100,0.51
769,zyrardow,52.0488,20.446,41.14399999999997,100,93,0.49
770,grand forks,47.9417,-97.4337,59.774000000000015,23,75,10.29
771,napasar,27.9667,73.55,84.63200000000002,25,89,2.68
772,isiro,2.7739,27.616,68.108,99,100,1.19
773,zhanakorgan,43.9098,67.2495,55.79600000000005,42,100,8.35
774,codrington,-38.2667,141.9667,70.592,41,100,6.85
775,lengshuijiang,27.6881,111.4294,77.99000000000002,55,100,1.2
776,santa maria,-29.6842,-53.8069,62.86999999999996,72,0,1.54
777,verkhnyaya inta,65.9811,60.3094,31.748000000000026,63,77,5.55
778,bergen,60.392,5.328,38.62400000000001,81,0,2.06
779,llanes,43.4198,-4.7549,49.64000000000002,76,98,3.46
780,kondagaon,19.6,81.6667,77.46799999999999,49,0,1.44
781,aktau,43.65,51.2,53.86999999999996,54,0,5.0
782,ust-tsilma,65.441,52.1498,33.27799999999996,91,100,3.09
783,maua,-23.6678,-46.4614,60.530000000000044,88,40,3.6
784,marsh harbour,26.5412,-77.0636,77.84600000000006,72,98,1.97
785,yook,13.2261,121.964,85.64000000000001,57,24,0.97
786,chara,56.9064,118.2631,30.2,89,52,0.75
787,rocha,-34.4833,-54.3333,55.417999999999985,76,100,2.88
788,huron,41.1501,-82.5499,49.225999999999985,54,0,0.45
789,krasnoarmeysk,51.0239,45.6969,49.73000000000005,75,100,0.45
790,goundam,16.4145,-3.6708,83.174,49,100,6.9
791,carepa,7.7585,-76.6525,75.12799999999996,95,100,0.94
792,bardiyah,31.7561,25.0865,78.49399999999997,25,6,4.76
793,inverness,57.4791,-4.224,39.541999999999994,87,75,1.03
794,caucaia,-3.7361,-38.6531,81.55399999999995,89,75,2.57
795,galveston,29.3669,-94.9669,73.36400000000003,88,20,2.57
796,muros,42.7762,-9.0603,43.12400000000001,88,12,3.81
797,lillooet,50.6856,-121.942,63.05,36,20,6.69
798,yinchuan,38.4681,106.2731,65.22799999999997,21,7,0.78
799,erdemli,36.605,34.3084,71.708,57,2,3.67
800,jackson,42.4165,-122.8345,76.29800000000003,15,1,4.63
801,terrace,54.5163,-128.6035,44.86999999999996,87,90,9.26
802,shimanovsk,52.0,127.7,44.6,49,91,2.65
803,miracema do tocantins,-9.5618,-48.3967,75.23599999999996,89,100,1.53
804,rockland,41.1668,-74.0496,50.70199999999998,52,20,0.89
805,saint anthony,45.0205,-93.218,58.31600000000001,26,1,3.6
806,alcudia,39.8532,3.1214,63.71600000000001,82,40,2.57
807,negombo,7.2083,79.8358,80.86999999999996,89,40,1.03
808,jaguarao,-32.5661,-53.3758,59.21600000000001,93,10,3.75
809,red bluff,40.1785,-122.2358,85.118,17,1,5.66
810,beidao,34.5686,105.8933,68.28800000000004,37,2,0.21
811,vostok,46.4856,135.8833,50.26999999999996,43,0,3.1
812,mackay,-21.15,149.2,75.46999999999997,78,40,7.2
813,san rafael,-34.6177,-68.3301,63.51799999999999,53,42,3.82
814,alice,27.7523,-98.0697,72.89600000000004,94,90,4.63
815,odweyne,9.4092,45.064,68.54000000000002,89,100,7.04
816,mufumbwe,-13.6833,24.8,62.906000000000034,94,99,0.72
817,chicama,-7.8447,-79.1469,64.66999999999996,88,75,2.57
818,turukhansk,65.8167,87.9833,35.780000000000044,89,100,6.25
819,tomatlan,19.9333,-105.25,80.15,56,30,2.97
820,grindavik,63.8424,-22.4338,34.06999999999996,75,20,9.77
821,saint-francois,46.4154,3.9054,46.022000000000034,87,90,1.03
822,pingzhuang,42.0372,119.2889,46.75999999999998,33,88,5.56
823,dolores,-36.3132,-57.6792,54.661999999999956,77,92,3.48
824,mayo,38.8876,-76.5119,54.75199999999998,56,7,2.24
825,baraboo,43.4711,-89.7443,56.94800000000002,24,1,1.44
826,gotsu,35.0,132.2167,57.469999999999956,82,75,2.57
827,ostrzeszow,51.4264,17.9336,43.03399999999999,85,100,1.42
828,semme,46.1963,1.5007,44.564000000000036,93,0,3.09
829,whitehorse,60.7161,-135.0538,49.80199999999998,34,75,6.69
830,maarianhamina,60.0973,19.9348,39.469999999999956,70,0,2.57
831,svobodnyy,51.4,128.1333,49.00999999999998,43,81,3.32
832,chacabuco,-34.6417,-60.4739,60.27799999999996,66,0,1.34
833,willowmore,-33.2926,23.4895,46.65199999999997,76,0,0.43
834,palembang,-2.9167,104.7458,77.26999999999995,94,40,1.54
835,zonguldak,41.25,31.8333,54.788000000000046,79,100,2.2
836,praia da vitoria,38.7333,-27.0667,60.727999999999966,72,20,2.75
837,uray,60.1247,64.7758,32.14399999999997,65,0,2.09
838,carlsbad,33.1581,-117.3506,76.76600000000002,38,1,3.09
839,sainte-suzanne,-20.9061,55.6089,69.06199999999995,83,40,6.69
840,halifax,44.6453,-63.5724,44.438000000000045,93,90,7.2
841,chilliwack,49.1747,-121.9443,64.04000000000002,52,75,3.09
842,ziro,27.6333,93.8333,60.458000000000006,58,91,0.81
843,macas,-2.3167,-78.1167,66.50600000000003,98,100,0.81
844,ust-omchug,61.15,149.6333,32.774000000000015,88,95,0.81
845,nieuw amsterdam,5.8833,-55.0833,80.042,78,0,1.03
846,pundaguitan,6.3711,126.1689,82.20199999999997,75,100,2.87
847,kodala,19.6333,84.95,78.76400000000004,64,0,0.87
848,zemio,5.0314,25.1361,69.18800000000005,95,100,1.43
849,majene,-3.5403,118.9707,83.69600000000005,72,62,0.94
850,miles city,46.4083,-105.8406,84.46999999999997,16,1,9.26
851,haines junction,60.7522,-137.5108,46.66999999999996,42,100,6.69
852,nsoko,-27.0333,31.95,61.57400000000001,86,100,3.96
853,saint-joseph,-21.3667,55.6167,69.74600000000005,78,0,3.09
854,darhan,49.4867,105.9228,48.07400000000001,42,100,4.74
855,nyimba,-14.5566,30.8149,68.37799999999996,81,16,1.57
856,leh,34.1667,77.5833,36.89600000000005,50,65,0.51
857,rodnykove,45.043,33.9541,49.26199999999996,81,0,3.34
858,udachnyy,66.4167,112.4,33.09800000000003,96,100,4.48
859,toamasina,-18.1667,49.3833,73.66999999999996,100,40,2.57
860,mildura,-34.2,142.15,70.62799999999996,37,100,4.12
861,chipinge,-20.1883,32.6236,62.096000000000046,92,82,0.99
862,kushiro,42.975,144.3747,50.26999999999996,57,20,3.09
863,awjilah,29.1081,21.2869,83.84000000000003,13,0,4.86
864,ishigaki,24.3448,124.1572,77.26999999999995,88,75,3.09
865,muhos,64.808,25.9931,26.86999999999996,80,0,4.12
866,banjarmasin,-3.3244,114.591,79.06999999999996,94,40,2.57
867,diffa,13.3154,12.6113,85.96400000000003,11,21,3.79
868,bensonville,6.4461,-10.6125,75.46999999999997,94,75,2.02
869,torata,-17.0769,-70.8433,57.542,52,8,0.26
870,alpena,45.0617,-83.4327,45.28399999999999,31,1,6.17
871,russell,32.3502,-85.1999,69.04399999999998,49,40,3.09
872,gamba,-2.65,10.0,77.558,91,100,1.59
873,alice springs,-23.7,133.8833,76.44200000000001,24,100,3.6
874,ukiah,39.1502,-123.2078,74.62400000000002,24,1,2.74
875,atotonilco el grande,20.2833,-98.6667,60.89000000000002,92,100,1.45
876,yabrud,33.9674,36.6574,61.91600000000001,27,0,4.62
877,sorong,-0.8833,131.25,82.99399999999997,74,77,1.68
878,chippewa falls,44.9369,-91.3929,56.06600000000001,18,1,2.99
879,onguday,50.75,86.15,38.04800000000002,99,100,2.17
880,khor,47.8861,134.9464,49.26199999999996,49,11,5.31
881,qaqortoq,60.7167,-46.0333,50.26999999999996,29,34,10.8
882,chiquilistlan,20.2,-103.8167,83.39000000000001,14,40,7.2
883,kopong,-24.4833,25.8833,55.66999999999996,76,0,1.54
884,nishihara,26.1842,127.7558,77.45,83,75,6.17
885,mocuba,-16.8392,36.9856,70.592,98,25,1.2
886,puri,19.8,85.85,75.46999999999997,73,75,4.12
887,fuengirola,36.54,-4.6247,55.940000000000026,76,0,5.14
888,roura,4.7263,-52.3274,76.76600000000002,100,75,2.47
889,nirgua,10.1553,-68.5663,65.93000000000004,96,100,1.09
890,upington,-28.4478,21.2561,53.86999999999996,62,0,1.54
891,menomonie,44.8755,-91.9193,54.82400000000001,28,1,2.06
892,mae hong son,19.3003,97.9685,77.26999999999995,88,75,0.4
893,atasu,48.6814,71.6433,44.45600000000003,51,1,3.24
894,shingu,33.7333,135.9833,62.86999999999996,82,75,10.8
895,caronport,50.4501,-105.8179,79.06999999999996,13,32,7.72
896,talara,-4.5772,-81.2719,69.98000000000005,82,89,4.73
897,hunterville,-39.9333,175.5667,59.61199999999995,75,5,4.92
898,kholodnyy,62.7167,147.95,33.188000000000045,98,98,0.32
899,benxi,41.2886,123.765,50.26999999999996,62,0,2.0
900,dzhebariki-khaya,62.2167,135.8,37.219999999999956,96,100,0.69
901,horizontina,-27.6258,-54.3078,60.440000000000026,56,0,1.66
902,tiarei,-17.5333,-149.3333,84.36199999999997,70,75,5.14
903,san jose del guaviare,2.5729,-72.6459,69.96199999999996,98,99,0.93
904,mao,39.8885,4.2658,59.26999999999996,94,0,2.06
905,sanchez,19.2281,-69.6137,74.76799999999999,85,3,3.11
906,dandong,40.1292,124.3947,53.38399999999999,44,100,3.77
907,arequipa,-16.3989,-71.535,53.86999999999996,50,0,0.96
908,havelock,34.8791,-76.9013,72.24800000000002,42,66,1.79
909,palu,-0.8917,119.8707,86.108,66,79,0.92
910,grenfell,-33.9,148.1667,68.9,44,0,1.84
911,tornio,65.8481,24.1466,25.069999999999958,68,0,3.6
912,kawalu,-7.3817,108.2082,79.37599999999999,76,42,0.7
913,kelo,9.3086,15.8066,85.02799999999996,51,98,3.29
914,kampong chhnang,12.1667,104.55,84.97400000000002,64,45,3.29
915,sur,22.5667,59.5289,83.87599999999999,43,99,1.25
916,yaan,7.3833,8.5667,81.06799999999998,73,94,4.87
917,jasper,37.2001,-94.3502,73.66999999999996,46,1,3.09
918,santa rosa,14.3122,121.1114,86.93599999999998,66,20,2.57
919,bellavista,-7.0561,-76.5911,77.26999999999995,73,0,0.49
920,rundu,-17.9333,19.7667,68.0,56,99,0.55
921,catalao,-18.1658,-47.9464,66.91999999999996,75,100,3.69
922,saint simons,31.1352,-81.3901,79.57400000000001,44,1,4.63
923,kenai,60.5544,-151.2583,45.95,36,1,4.63
924,hastings,50.8552,0.5729,39.14600000000005,80,13,1.17
925,zheshart,62.0731,49.5733,34.73599999999997,97,100,3.93
926,sinazongwe,-17.2614,27.4618,72.85999999999999,73,72,0.24
927,praya,14.9215,-23.5087,71.86999999999996,78,20,6.17
928,myitkyina,25.3833,97.4,77.792,68,47,0.51
929,isla mujeres,21.2311,-86.731,83.37200000000004,65,40,4.12
930,yumaguzino,52.9041,56.3933,41.251999999999974,79,100,2.27
931,la romana,18.4273,-68.9728,77.26999999999995,83,40,2.06
932,mogadishu,2.0371,45.3438,81.95,71,76,3.54
933,villa guerrero,18.8667,-99.65,80.54600000000005,25,20,3.6
934,sept-iles,50.2001,-66.3821,43.016000000000005,87,90,4.12
935,sanchor,24.7553,71.7722,80.47400000000002,62,39,2.6
936,jonesboro,35.8423,-90.7043,72.33800000000005,46,1,1.54
937,bandarbeyla,9.4942,50.8122,82.65199999999999,74,100,0.81
938,voyvozh,62.892,54.9635,33.89000000000002,70,100,4.98
939,zvishavane,-20.3267,30.0665,63.464000000000034,87,87,1.08
940,ruidoso,33.3317,-105.673,53.25800000000001,37,75,3.6
941,dicabisagan,17.0818,122.4157,84.86600000000001,62,60,1.87
942,burgersdorp,-30.9977,26.3286,39.65,84,0,4.27
943,hattiesburg,31.3271,-89.2903,68.77400000000002,56,1,2.06
944,hit,33.6416,42.8251,78.76400000000004,31,21,6.41
945,salisbury,51.0693,-1.7957,35.38399999999999,93,14,0.51
946,cervo,43.6702,-7.4101,47.26400000000003,87,100,2.33
947,linxia,35.6003,103.2064,60.61999999999996,28,44,0.69
948,urucara,-2.5364,-57.76,74.15600000000003,96,100,0.55
949,teluknaga,-6.0989,106.6381,83.174,78,20,2.57
950,baykit,61.67,96.37,36.158,93,100,2.23
951,guasdualito,7.2424,-70.7324,71.27599999999998,97,100,0.61
952,lokoja,7.8024,6.743,80.99600000000005,75,81,2.69
953,noyabrsk,63.1994,75.4507,28.72400000000001,95,100,9.05
954,tigil,57.8,158.6667,41.82799999999996,74,89,3.1
955,tucumcari,35.1717,-103.725,75.46999999999997,17,1,3.6
956,lososina,48.9975,140.3106,41.648000000000025,72,100,8.21
957,porto velho,-8.7619,-63.9039,77.26999999999995,83,0,0.79
958,lata,40.1629,-8.3327,49.693999999999974,91,41,2.24
959,raga,8.4596,25.678,77.576,50,100,1.48
960,ojinaga,29.5667,-104.4167,55.49000000000002,100,90,3.6
961,fare,-16.7,-151.0167,81.48200000000003,73,100,3.93
962,montepuez,-13.1256,38.9997,67.24399999999997,99,41,1.07
963,starosubkhangulovo,53.1031,57.4423,37.508,86,40,1.71
964,mankono,8.0586,-6.1897,77.86400000000003,75,5,3.42
965,lapeer,43.0514,-83.3188,46.435999999999964,34,1,4.12
966,cacule,-14.5033,-42.2222,70.41199999999995,79,100,3.33
967,rajshahi,24.3667,88.6,85.73000000000005,53,2,3.88
968,van buren,35.4368,-94.3483,79.06999999999996,31,1,1.47
969,kungurtug,50.5994,97.5228,42.16999999999996,90,100,0.26
970,witu,-2.3889,40.4382,77.86400000000003,86,17,2.97
971,fuerte olimpo,-21.0415,-57.8738,70.41199999999995,49,0,1.12
972,zamora,-4.0692,-78.9567,67.28000000000004,99,92,0.48
973,choszczno,53.169,15.4205,45.842,89,100,1.34
974,jieshi,22.8134,115.8257,76.94600000000005,71,99,2.79
975,tallahassee,30.4383,-84.2807,77.95399999999995,61,75,2.57
976,praia,14.9215,-23.5087,71.86999999999996,78,20,6.17
977,snyder,32.7179,-100.9176,62.86999999999996,94,90,1.54
978,chapais,49.7834,-74.8492,35.86999999999996,75,90,10.8
979,jodar,37.8406,-3.3526,48.32599999999999,70,82,0.45
980,luang prabang,19.8856,102.1347,75.46999999999997,94,75,0.26
981,makasar,-5.14,119.4221,80.86999999999996,74,20,2.06
982,taseyevo,57.2169,94.8978,43.98800000000004,79,1,2.96
983,kasempa,-13.4584,25.8338,62.977999999999966,90,98,0.98
984,atoyac,20.0167,-103.5333,86.26999999999995,14,40,7.2
985,sierra vista,31.5545,-110.3037,74.73200000000003,19,1,5.14
986,staraya stanitsa,48.35,40.2833,51.87200000000004,96,100,2.4
987,ler,8.3018,30.1418,75.90199999999999,69,80,1.54
988,benicarlo,40.4165,0.4271,49.280000000000044,80,100,3.58
989,bure,10.7,37.0667,61.556000000000026,77,100,1.49
990,lodwar,3.1191,35.5973,82.076,58,9,4.74
991,kikwit,-5.041,18.8162,71.50999999999999,98,100,1.12
992,verkhoyansk,67.5447,133.385,32.774000000000015,93,94,0.29
993,frederico westphalen,-27.3592,-53.3944,56.93000000000004,63,0,1.51
994,xam nua,20.4197,104.0439,67.892,96,100,0.38
995,neuquen,-38.9516,-68.0591,55.66999999999996,82,0,2.0
996,nago,26.5881,127.9761,77.64800000000002,78,75,7.2
997,troy,42.6056,-83.1499,48.90199999999997,32,1,4.63
998,tual,-5.6667,132.75,83.49800000000002,74,26,6.21
999,zyryanka,65.75,150.85,36.62599999999999,81,100,2.16
1000,farmington,36.7281,-108.2187,80.49199999999999,10,1,4.12
1001,chaman,30.9236,66.4512,68.99000000000002,36,9,1.37
1002,bossangoa,6.4926,17.4552,72.10399999999996,90,100,1.89
1003,vitoria da conquista,-14.8661,-40.8394,63.391999999999996,91,86,4.93
1004,saint pete beach,27.7253,-82.7412,75.81199999999995,1,92,3.97
1005,houma,29.5958,-90.7195,76.04600000000005,83,1,2.06
1006,wamba,8.9333,8.6,81.06799999999998,57,38,0.88
1007,pecos,31.4229,-103.4932,61.556000000000026,77,90,2.06
1008,pedernales,18.0384,-71.744,79.71799999999999,69,6,2.57
1009,zhezkazgan,47.8043,67.7144,47.33599999999997,44,0,2.41
1010,esso,55.9333,158.7,40.711999999999954,89,100,2.09
1011,la paz,-16.5,-68.15,41.26999999999996,65,40,2.57
1012,marang,5.2056,103.2059,78.674,89,20,1.54
1013,vrede,-27.4257,29.1659,45.91400000000003,91,82,4.11
1014,san jose,37.3394,-121.895,67.38800000000005,55,90,6.69
1015,areni,39.7191,45.1799,59.61199999999995,75,100,0.95
1016,sioux lookout,50.1001,-91.917,52.069999999999965,25,75,3.6
1017,baoding,38.8511,115.4903,67.26199999999996,16,4,5.74
1018,lander,42.833,-108.7307,75.83000000000004,27,1,1.54
1019,itarantim,-15.6597,-40.0656,67.26199999999996,95,93,1.88
1020,guaruja,-23.9931,-46.2564,72.26600000000002,26,100,5.38
1021,verkhnevilyuysk,63.4453,120.3167,37.72400000000001,87,99,3.24
1022,elk plain,47.0532,-122.3976,62.27599999999999,77,40,2.06
1023,sekovici,44.2986,18.8528,53.58200000000002,100,20,0.51
1024,konstantinovka,49.6167,127.9833,55.85,44,17,3.35
1025,am timan,11.0297,20.2827,91.61600000000001,22,100,1.16
1026,marienburg,54.0359,19.0266,31.261999999999954,100,100,2.55
1027,kismayo,-0.3582,42.5454,81.26600000000002,80,10,4.34
1028,izumo,35.3667,132.7667,53.86999999999996,87,75,1.03
1029,brainerd,46.358,-94.2008,54.806000000000026,26,40,4.12
1030,calvinia,-31.4707,19.776,49.11799999999998,65,0,3.3
1031,kanigiri,15.4,79.5167,78.566,85,5,2.25
1032,tarko-sale,64.9225,77.785,32.26999999999996,93,100,2.24
1033,talavera,15.6167,120.9333,80.86999999999996,83,75,1.03
1034,sabzevar,36.2126,57.6819,64.56199999999995,62,100,4.77
1035,tank,32.2217,70.3793,81.17599999999999,38,83,1.19
1036,coihaique,-45.5752,-72.0662,50.26999999999996,87,75,2.06
1037,villa constitucion,-33.2278,-60.3297,58.24399999999997,73,0,0.45
1038,vaitape,-16.5167,-151.75,81.76999999999995,68,99,4.14
1039,horta,38.5333,-28.6333,59.306000000000026,79,100,4.59
1040,tefe,-3.3542,-64.7114,73.65199999999999,97,100,0.88
1041,mecca,21.4267,39.8261,85.24399999999997,43,100,1.85
1042,anqing,30.5092,117.0506,70.06999999999996,56,0,4.76
1043,kostomuksha,64.571,30.5767,24.40399999999995,87,100,3.01
1044,pemangkat,1.1667,108.9667,79.66400000000004,81,91,2.22
1045,powell,40.1578,-83.0752,51.908,50,1,5.66
1046,arco,45.9177,10.8867,50.935999999999964,100,9,1.11
1047,stanghelle,60.5528,5.7357,37.49000000000002,76,12,1.14
1048,tartagal,-22.5164,-63.8013,62.20399999999995,56,5,1.57
1049,manggar,-2.8833,108.2667,84.07400000000001,72,100,2.24
1050,grand baie,-20.0182,57.5802,77.26999999999995,80,100,3.13
1051,montrose,38.4166,-108.2673,76.62200000000004,14,7,1.79
1052,bongandanga,1.5,21.05,69.458,95,100,1.62
1053,piet retief,-27.0071,30.8132,51.00800000000001,96,100,1.92
1054,mayor pablo lagerenza,-19.9309,-60.7718,68.95399999999995,51,0,1.9
1055,aleksandrovsk-sakhalinskiy,50.8975,142.1561,37.86799999999998,89,100,7.08
1056,tabuk,17.4189,121.4443,83.76799999999999,69,77,2.25
1057,pangody,65.85,74.4859,28.616000000000007,94,100,7.13
1058,kachiry,53.0675,76.1036,45.51799999999999,63,10,8.0
1059,yuncheng,35.0231,110.9928,69.13399999999999,27,0,1.38
1060,barmer,25.75,71.3833,77.73800000000006,55,36,1.97
1061,black river,18.0264,-77.8487,79.86199999999997,69,20,2.06
1062,butka,56.7179,63.7866,34.32200000000004,59,15,2.17
1063,magistralnyy,56.1725,107.4458,39.092,83,100,1.68
1064,xilitla,21.3333,-98.9667,76.44200000000001,75,100,1.38
1065,hecun,36.5333,114.1111,68.234,23,78,2.43
1066,smithers,54.7804,-127.1743,50.26999999999996,62,90,2.06
1067,irbeyskoye,55.6428,95.4522,44.33000000000004,75,98,2.41
1068,tabat,-2.635,115.2274,80.52799999999996,83,100,0.96
1069,jalpan,21.2333,-99.4833,74.03000000000004,82,100,0.43
1070,tazovskiy,67.4667,78.7,28.327999999999964,94,100,5.01
1071,malakal,9.5334,31.6605,76.71199999999996,73,73,1.24
1072,iturama,-19.7281,-50.1956,75.93800000000005,48,100,1.04
1073,shangzhi,45.2167,127.9667,55.561999999999955,45,100,3.53
1074,emerald,-23.5333,148.1667,73.92200000000004,60,40,3.6
1075,ayagoz,47.9714,80.4392,41.917999999999985,73,100,7.26
1076,newton,42.337,-71.2092,53.22200000000004,54,96,10.8
1077,kieta,-6.2167,155.6333,84.38000000000005,72,27,2.12
1078,sandwick,60.0,-1.25,35.86999999999996,87,100,3.09
1079,salto,-31.3833,-57.9667,65.26400000000004,81,0,0.89
1080,beruwala,6.4788,79.9828,78.87200000000004,85,70,1.67
1081,ust-kuyga,70.0167,135.6,33.04399999999997,95,84,2.24
1082,buique,-8.6231,-37.1558,64.00399999999996,95,100,2.82
1083,maposeni,-10.5833,35.4,62.88800000000005,96,84,0.61
1084,price,39.5994,-110.8107,80.86999999999996,13,1,3.09
1085,deputatskiy,69.3,139.9,25.285999999999966,89,100,1.84
1086,alghero,40.5589,8.3181,59.26999999999996,94,0,2.06
1087,santa fe,-31.6333,-60.7,64.00399999999996,79,0,0.45
1088,novaya igirma,57.1334,103.9112,39.45199999999998,77,87,2.37
1089,sergiyevsk,53.9413,51.165,48.41600000000001,63,100,6.15
1090,fokino,42.9836,132.4047,41.26999999999996,87,90,2.0
1091,floro,61.5996,5.0328,39.469999999999956,65,11,2.06
1092,parana,-31.732,-60.5238,63.932000000000016,79,0,0.45
1093,sombrerete,23.6333,-103.65,64.21999999999997,30,0,9.69
1094,sechura,-5.5569,-80.8222,73.61600000000001,67,14,6.65
1095,eresos,39.1667,25.9333,64.66999999999996,77,0,1.03
1096,mwanza,-2.5167,32.9,68.21600000000001,86,100,2.79
1097,roald,62.5833,6.1333,34.682000000000016,87,90,3.09
1098,shiggaon,15.0,75.2333,73.66999999999996,88,5,1.04
1099,mezen,65.8522,44.24,29.875999999999987,91,100,1.75
1100,kabala,9.5833,-11.55,73.02200000000005,85,47,1.87
1101,stornoway,58.2093,-6.3865,38.56999999999996,87,40,4.12
1102,urengoy,65.9667,78.3667,32.07200000000004,96,100,7.2
1103,mawlaik,23.6333,94.4167,80.042,64,1,0.25
1104,cedar city,37.6775,-113.0619,80.18599999999998,10,1,1.95
1105,limoges,45.75,1.3333,45.57200000000004,93,0,3.09
1106,tres passos,-27.4556,-53.9319,59.161999999999956,59,0,1.97
1107,magadan,59.5667,150.8,34.44800000000002,81,100,0.81
1108,jizan,17.3333,42.6667,80.86999999999996,69,40,2.06
1109,ouesso,1.6136,16.0517,71.65399999999995,86,100,0.69
1110,torrington,41.8007,-73.1212,48.34399999999997,60,7,4.92
1111,chalons-en-champagne,48.9539,4.3672,43.32200000000004,70,0,2.57
1112,mazara del vallo,37.6641,12.588,69.29600000000005,77,0,5.66
1113,hobyo,5.3505,48.5268,83.51600000000002,66,100,3.0
1114,zharkent,44.1628,80.0,63.08599999999997,67,100,9.88
1115,esfarayen,37.0765,57.5101,57.469999999999956,77,0,2.06
1116,riverton,40.5219,-111.9391,77.61199999999997,36,1,2.06
1117,tocopilla,-22.092,-70.1979,67.36999999999996,70,12,3.76
1118,huayang,34.4155,109.9939,63.59000000000002,30,0,0.73
1119,waterbury,41.5582,-73.0515,51.908,46,40,7.2
1120,deloraine,-41.5333,146.6667,60.27799999999996,74,47,1.1
1121,high river,50.5834,-113.8687,64.958,31,1,2.68
1122,balakhta,55.38,91.6,43.64600000000005,72,69,1.37
1123,bend,44.0582,-121.3153,68.41400000000004,35,100,0.89
1124,sungaipenuh,-2.0833,101.3833,68.93599999999998,80,100,1.07
1125,kingsgate,47.727,-122.1796,61.23200000000001,67,90,2.57
1126,zaykovo,57.5613,62.7568,33.674000000000014,62,99,1.97
1127,jibuti,11.5,42.5,77.50399999999996,63,89,0.72
1128,georgiyevka,43.0369,74.7114,52.069999999999965,93,75,6.0
1129,russellville,35.2784,-93.1338,74.40800000000002,41,1,1.54
1130,tha maka,13.9,99.7667,82.77799999999996,79,100,0.03
1131,tomar,39.602,-8.4092,48.434,88,0,3.76
1132,bondo,3.8146,23.6866,68.18000000000004,98,100,0.52
1133,celestun,20.8667,-90.4,81.98599999999996,74,100,7.49
1134,flin flon,54.7682,-101.865,38.983999999999995,84,15,2.34
1135,denia,38.8408,0.1057,60.92599999999999,74,100,0.89
1136,jiaxing,30.7522,120.75,73.66999999999996,43,0,4.0
1137,slonim,53.0867,25.3219,44.79800000000002,89,100,3.3
1138,ratne,51.6683,24.5303,40.748000000000026,87,100,2.3
1139,banjar,-8.19,114.9675,82.66999999999996,83,20,1.03
1140,kunigal,13.0222,77.0267,75.39800000000002,72,9,3.45
1141,carutapera,-1.195,-46.02,76.13599999999997,92,57,1.86
1142,yambio,4.5721,28.3955,68.63000000000005,93,100,1.54
1143,asfi,32.2994,-9.2372,59.19800000000002,73,0,5.04
1144,pavlovsk,50.4578,40.1081,51.69199999999999,96,100,3.85
1145,baripada,21.935,86.7214,81.96799999999999,57,0,3.25
1146,wyndham,37.6985,-77.6125,60.83599999999997,32,75,6.17
1147,kaiserslautern,49.45,7.75,37.75999999999998,100,1,1.26
1148,inta,66.0317,60.1659,31.711999999999954,71,43,4.78
1149,bambanglipuro,-7.95,110.2833,81.28399999999999,77,85,2.08
1150,santa marinella,42.0345,11.8536,57.34399999999997,100,100,1.03
1151,corinto,37.9407,22.9573,63.266000000000005,69,100,0.9
1152,maibong,25.3,93.1667,79.98800000000006,47,0,2.06
1153,monywa,22.1167,95.1333,85.28000000000004,55,2,1.19
1154,honiara,-9.4333,159.95,86.19800000000004,64,94,2.16
1155,labrea,-7.2586,-64.7981,73.52599999999998,94,71,0.53
1156,longyan,25.1072,117.0225,79.86199999999997,47,100,0.62
1157,sistranda,63.7256,8.834,34.06999999999996,93,40,2.06
1158,carsamba,41.1989,36.7219,54.96799999999999,87,40,2.06
1159,pancota,46.3333,21.7,59.684,82,20,4.63
1160,jiamusi,46.8333,130.35,53.94199999999999,42,100,5.24
1161,tezu,27.9167,96.1667,83.28200000000001,45,50,0.14
1162,ratnagiri,16.9833,73.3,82.20199999999997,73,73,2.39
1163,necochea,-38.5473,-58.7368,54.266000000000005,84,0,2.68
1164,fort morgan,40.2503,-103.8,75.46999999999997,23,1,3.09
1165,fairbanks,64.8378,-147.7164,35.34800000000003,51,90,5.66
1166,formosa,-26.1775,-58.1781,64.66999999999996,94,0,2.57
1167,polessk,54.862,21.1028,39.36199999999995,75,0,4.0
1168,heihe,50.2441,127.4902,52.069999999999965,43,20,4.0
1169,magdagachi,53.45,125.8,44.977999999999966,47,100,0.92
1170,uncia,-18.467,-66.5685,45.44600000000005,21,2,1.41
1171,tarragona,41.129,1.249,56.06600000000001,88,75,1.54
1172,tessalit,20.1986,1.0114,81.64399999999998,31,94,10.52
1173,maine-soroa,13.2114,12.0241,85.92799999999997,10,6,3.94
1174,santa rosalia,27.3167,-112.2833,79.37599999999999,30,0,2.43
1175,omboue,-1.5746,9.2618,77.84600000000006,89,100,1.37
1176,menongue,-14.6585,17.691,62.6,89,99,0.64
1177,areosa,41.7178,-8.8571,49.064000000000036,81,0,2.57
1178,nicoya,10.1483,-85.452,82.66999999999996,69,40,3.09
1179,las cruces,32.3123,-106.7783,66.88399999999999,32,40,6.17
1180,katangli,51.7102,143.2326,34.91600000000001,88,100,7.55
1181,medina,24.4686,39.6142,84.46999999999997,9,0,7.2
1182,entebbe,0.0644,32.4469,71.86999999999996,83,20,1.03
1183,monroe,43.1501,-77.6831,38.39000000000002,75,90,11.32
1184,vakhrushevo,55.2317,61.7173,30.46999999999996,69,0,2.0
1185,nanlong,31.3533,106.0631,77.70199999999997,56,0,1.75
1186,calama,-22.4667,-68.9333,53.86999999999996,22,0,7.2
1187,duekoue,6.7472,-7.3496,73.868,92,51,1.17
1188,saint-marc,19.1082,-72.6938,79.30399999999995,71,28,1.38
1189,storforshei,66.4043,14.5233,21.91999999999996,93,90,0.98
1190,bosaso,11.2842,49.1816,84.21799999999999,63,76,1.91
1191,preobrazheniye,42.9019,133.9064,47.588000000000044,70,100,3.13
1192,inirida,3.8653,-67.9239,71.22200000000004,99,87,1.2
1193,nalut,30.3333,10.85,84.81199999999995,11,95,2.02
1194,soufriere,13.8562,-61.0566,80.86999999999996,69,20,5.66
1195,eenhana,-17.4667,16.3333,66.81199999999995,62,79,0.97
1196,ndele,8.4109,20.6473,80.18599999999998,50,100,3.03
1197,otavi,-19.65,17.3333,64.59800000000003,41,11,3.06
1198,rosarito,32.3333,-117.0333,79.68200000000002,32,1,5.66
1199,kudahuvadhoo,2.6708,72.8944,83.11999999999996,70,100,1.31
1200,masingbi,8.7833,-11.95,75.18200000000002,83,14,1.37
1201,bogdanovich,56.7803,62.0494,35.258,73,100,3.09
1202,axim,4.8699,-2.2405,81.57200000000003,79,100,3.02
1203,guacimo,10.2104,-83.6807,67.424,94,75,1.03
1204,jaciara,-15.9653,-54.9683,73.16600000000001,62,50,1.17
1205,bonthe,7.5264,-12.505,80.20399999999995,79,38,2.28
1206,elliot,-31.3333,27.85,38.75,95,26,0.82
1207,nantucket,41.2835,-70.0995,56.42599999999999,54,1,7.2
1208,comodoro rivadavia,-45.8667,-67.5,64.66999999999996,59,0,1.03
1209,cleveland,41.4995,-81.6954,48.038000000000046,54,1,5.66
1210,dunda,-8.1167,34.25,62.00600000000003,96,37,0.78
1211,fallon,39.4735,-118.7774,87.22400000000002,11,75,5.66
1212,campina verde,-19.5356,-49.4864,71.00600000000003,63,100,2.2
1213,kjollefjord,70.9457,27.3465,33.36799999999998,65,92,10.27
1214,kulachi,31.9286,70.4592,82.72400000000002,33,80,1.74
1215,mpanda,-6.3655,31.0409,64.58000000000004,92,100,0.34
1216,andenes,69.3143,16.1194,30.46999999999996,74,75,4.12
1217,salina cruz,16.1667,-95.2,83.858,70,39,4.76
1218,tetouan,35.5711,-5.3724,57.469999999999956,72,0,3.09
1219,malpe,13.35,74.7167,80.86999999999996,78,13,1.68
1220,gat,31.61,34.7642,63.48200000000001,63,0,1.54
1221,moose factory,51.2585,-80.6094,32.26999999999996,55,40,2.06
1222,rongcheng,30.634,117.8517,70.12400000000002,61,2,2.43
1223,ames,42.0347,-93.6199,71.58200000000002,18,20,4.63
1224,marystown,47.1666,-55.1483,39.056000000000026,96,100,12.25
1225,nioro,13.35,-15.75,80.24000000000002,31,9,5.62
1226,baneh,35.9975,45.8853,56.11999999999996,48,63,2.69
1227,mercedes,-34.6515,-59.4307,57.938000000000045,77,0,1.34
1228,golcuv jenikov,49.8163,15.4769,47.67799999999996,66,90,2.57
1229,wanning,18.8003,110.3967,81.35600000000002,76,19,0.88
1230,hwange,-18.3693,26.5019,67.28000000000004,83,99,0.74
1231,ugra,54.7777,34.3267,42.35,85,87,4.36
1232,karoi,-16.8099,29.6925,61.46600000000001,95,93,2.15
1233,dudinka,69.4058,86.1778,22.69399999999997,94,33,2.81
1234,lima,-12.0432,-77.0282,67.36999999999996,82,40,5.14
1235,cabedelo,-6.9811,-34.8339,75.46999999999997,100,20,2.57
1236,nurota,40.5614,65.6886,57.469999999999956,58,100,6.17
1237,rabo de peixe,37.8,-25.5833,52.069999999999965,71,20,1.03
1238,canoa,18.355,-71.1585,77.576,76,24,3.38
1239,ewa beach,21.3156,-158.0072,80.67200000000004,61,90,5.14
1240,parabel,58.6978,81.4825,39.43399999999999,79,19,4.36
1241,bangkalan,-7.0455,112.7351,82.66999999999996,83,20,1.54
1242,broken hill,-31.95,141.4333,68.26999999999995,42,100,5.14
1243,betioky,-23.7167,44.3833,67.90999999999998,78,4,0.27
1244,keetmanshoop,-26.5833,18.1333,53.86999999999996,40,0,2.57
1245,konevo,62.1215,39.3192,29.89399999999997,74,40,2.0
1246,nelson bay,-32.7167,152.15,73.11199999999997,78,1,1.54
1247,stonewall,50.1344,-97.3268,47.101999999999975,49,75,9.77
1248,fort abbas,29.1925,72.8536,85.24399999999997,26,0,0.75
1249,tungor,53.3808,142.9564,35.22200000000004,84,100,4.15
1250,hengyang,26.8881,112.615,75.95600000000003,64,100,2.15
1251,ocampo,21.65,-101.5,74.15600000000003,20,58,7.98
1252,mago,53.2514,140.1822,39.55999999999998,72,100,1.69
1253,peniche,39.3558,-9.3811,55.274000000000015,69,11,3.58
1254,lovington,32.944,-103.3485,64.27400000000002,49,91,0.45
1255,stykkisholmur,65.0757,-22.7297,32.95399999999995,68,89,9.71
1256,gushi,34.6425,109.5843,70.05199999999998,28,0,1.53
1257,lufilufi,-13.8745,-171.5986,91.66999999999996,70,40,6.17
1258,den helder,52.9599,4.7593,46.417999999999985,87,75,2.06
1259,andijon,40.7821,72.3442,57.469999999999956,77,89,2.0
1260,lingyuan,41.24,119.4011,44.83399999999999,55,100,8.69
1261,tadine,-21.55,167.8833,77.28800000000004,69,100,8.17
1262,puksoozero,62.5903,40.6066,29.24600000000005,77,47,1.67
1263,kalachinsk,55.0529,74.5751,40.280000000000044,54,6,8.01
1264,nova aurora,-22.8667,-52.5667,64.45399999999995,55,3,3.02
1265,agustin codazzi,10.0341,-73.2361,73.292,97,100,1.88
1266,sibolga,1.7427,98.7792,79.71799999999999,76,99,1.04
1267,kinkala,-4.3614,14.7644,75.46999999999997,88,40,1.54
1268,luzhou,28.8724,105.4405,79.57400000000001,61,100,1.0
1269,burhanpur,21.3,76.2333,88.34000000000003,29,100,1.45
1270,paratebueno,4.3758,-73.2155,69.78200000000001,97,100,0.96
1271,hopelchen,19.7667,-89.85,84.46999999999997,79,20,5.14
1272,bossier city,32.516,-93.7321,68.19800000000004,73,1,4.12
1273,garowe,8.4054,48.4845,74.55199999999998,81,100,4.4
1274,ryotsu,38.0833,138.4333,61.069999999999965,67,40,2.06
1275,itarema,-2.9248,-39.9167,77.66600000000001,86,22,3.07
1276,bukama,-9.2,25.85,69.04399999999998,98,99,0.87
1277,roswell,34.0232,-84.3616,68.108,35,1,4.12
1278,dalby,-27.1833,151.2667,76.26199999999996,43,1,2.68
1279,wasco,35.5941,-119.341,92.33599999999997,15,1,5.14
1280,srandakan,-7.9386,110.2506,81.40999999999998,77,87,2.02
1281,bac lieu,9.285,105.7244,86.63000000000005,66,100,5.78
1282,sawtell,-30.3833,153.1,66.91999999999996,83,83,3.09
1283,yeniseysk,58.4497,92.1703,42.09800000000003,84,9,3.3
1284,ischia,40.7342,13.9471,64.83200000000002,63,0,1.03
1285,aripuana,-9.1667,-60.6333,72.26600000000002,97,76,0.37
1286,mortara,45.2473,8.7355,56.93000000000004,98,100,0.92
1287,diamantino,-14.4086,-56.4461,72.35600000000002,59,97,0.88
1288,kishtwar,33.3167,75.7667,55.30999999999998,65,57,2.29
1289,daultala,33.1925,73.1413,75.326,37,72,2.13
1290,hemnesberget,66.2333,13.6333,30.361999999999956,81,56,1.45
1291,lanquin,15.5667,-89.9667,73.66999999999996,73,40,1.24
1292,nelidovo,56.2211,32.7774,37.561999999999955,91,100,3.7
1293,saint-georges,12.0564,-61.7485,79.06999999999996,83,40,5.14
1294,quatre cocos,-20.2078,57.7625,77.26999999999995,78,75,6.17
1295,skibotn,69.3913,20.2679,23.48599999999997,86,75,1.03
1296,puro,12.4841,123.3827,83.60600000000002,69,100,2.9
1297,farsund,58.0948,6.8047,41.774000000000015,84,0,3.07
1298,descalvado,-21.9039,-47.6194,66.46999999999997,77,0,2.57
1299,priiskovyy,51.9333,116.6333,45.89600000000005,58,0,0.71
1300,ucluelet,48.9329,-125.5528,50.900000000000006,93,90,3.09
1301,joensuu,62.6012,29.7632,29.51600000000001,74,0,3.6
1302,payakumbuh,-0.2202,100.6308,73.88599999999997,92,97,0.21
1303,florence,43.7667,11.25,58.08200000000002,94,0,0.51
1304,rosetta,31.4044,30.4164,68.26999999999995,52,0,1.54
1305,lar,26.2039,83.9717,84.36199999999997,34,0,3.22
1306,bajil,15.0584,43.2851,84.99199999999999,56,96,1.86
1307,pau dos ferros,-6.1125,-38.2063,77.07200000000003,70,100,1.19
1308,lampazos de naranjo,27.0167,-100.5167,66.36199999999997,76,100,4.3
1309,guadalajara,20.6667,-103.3333,85.13599999999997,14,40,7.2
